State,Year,Month,Beverage,Ethanol,Population,PerCapita,PerCapita3yr,PctChange
Alaska,2017,01 Jan,Spirits,42598,593378,0.0718,,
Arkansas,2017,01 Jan,Spirits,165586,2455022,0.0674,,
Colorado,2017,01 Jan,Spirits,301615,4634346,0.0651,,
Connecticut,2017,01 Jan,Spirits,169373,3015481,0.0562,,
Florida,2017,01 Jan,Spirits,1138752,17722275,0.0643,,
Illinois,2017,01 Jan,Spirits,429348,10556100,0.0407,,
Kansas,2017,01 Jan,Spirits,159884,2356231,0.0679,,
Kentucky,2017,01 Jan,Spirits,320233,3670568,0.0872,,
Louisiana,2017,01 Jan,Spirits,260209,3807282,0.0683,,
Massachusetts,2017,01 Jan,Spirits,213751,5815595,0.0368,,
Missouri,2017,01 Jan,Spirits,260521,5037634,0.0517,,
North Dakota,2017,01 Jan,Spirits,50920,613251,0.083,,
Texas,2017,01 Jan,Spirits,1701992,22572383,0.0754,,
Virginia,2017,01 Jan,Spirits,332039,7015247,0.0473,,
Wisconsin,2017,01 Jan,Spirits,570352,4805415,0.1187,,
Alaska,2017,01 Jan,Wine,18124,593378,0.0305,,
Arkansas,2017,01 Jan,Wine,58236,2455022,0.0237,,
Colorado,2017,01 Jan,Wine,147961,4634346,0.0319,,
Connecticut,2017,01 Jan,Wine,102520,3015481,0.034,,
Florida,2017,01 Jan,Wine,736068,17722275,0.0415,,
Illinois,2017,01 Jan,Wine,272698,10556100,0.0258,,
Kentucky,2017,01 Jan,Wine,95011,3670568,0.0259,,
Louisiana,2017,01 Jan,Wine,89234,3807282,0.0234,,
Massachusetts,2017,01 Jan,Wine,173229,5815595,0.0298,,
Missouri,2017,01 Jan,Wine,125437,5037634,0.0249,,
North Dakota,2017,01 Jan,Wine,12481,613251,0.0204,,
Oregon,2017,01 Jan,Wine,190443,3468412,0.0549,,
Texas,2017,01 Jan,Wine,776833,22572383,0.0344,,
Virginia,2017,01 Jan,Wine,242496,7015247,0.0346,,
Wisconsin,2017,01 Jan,Wine,164756,4805415,0.0343,,
Alaska,2017,01 Jan,Beer,35433,593378,0.0597,,
Arkansas,2017,01 Jan,Beer,153009,2455022,0.0623,,
Colorado,2017,01 Jan,Beer,368146,4634346,0.0794,,
Connecticut,2017,01 Jan,Beer,155251,3015481,0.0515,,
Florida,2017,01 Jan,Beer,1359914,17722275,0.0767,,
Illinois,2017,01 Jan,Beer,716525,10556100,0.0679,,
Kansas,2017,01 Jan,Beer,187831,2356231,0.0797,,
Kentucky,2017,01 Jan,Beer,268180,3670568,0.0731,,
Massachusetts,2017,01 Jan,Beer,368352,5815595,0.0633,,
Missouri,2017,01 Jan,Beer,426348,5037634,0.0846,,
North Dakota,2017,01 Jan,Beer,66605,613251,0.1086,,
Oregon,2017,01 Jan,Beer,273318,3468412,0.0788,,
Texas,2017,01 Jan,Beer,2367432,22572383,0.1049,,
Virginia,2017,01 Jan,Beer,462252,7015247,0.0659,,
Alaska,2017,02 Feb,Spirits,49702,593378,0.0838,,
Arkansas,2017,02 Feb,Spirits,105913,2455022,0.0431,,
Colorado,2017,02 Feb,Spirits,382023,4634346,0.0824,,
Connecticut,2017,02 Feb,Spirits,237533,3015481,0.0788,,
Florida,2017,02 Feb,Spirits,1407178,17722275,0.0794,,
Illinois,2017,02 Feb,Spirits,583291,10556100,0.0553,,
Kansas,2017,02 Feb,Spirits,132492,2356231,0.0562,,
Kentucky,2017,02 Feb,Spirits,108053,3670568,0.0294,,
Louisiana,2017,02 Feb,Spirits,287829,3807282,0.0756,,
Massachusetts,2017,02 Feb,Spirits,334037,5815595,0.0574,,
Missouri,2017,02 Feb,Spirits,392932,5037634,0.078,,
North Dakota,2017,02 Feb,Spirits,56308,613251,0.0918,,
Texas,2017,02 Feb,Spirits,1218903,22572383,0.054000000000000006,,
Virginia,2017,02 Feb,Spirits,341320,7015247,0.0487,,
Wisconsin,2017,02 Feb,Spirits,365380,4805415,0.076,,
Alaska,2017,02 Feb,Wine,21036,593378,0.0355,,
Arkansas,2017,02 Feb,Wine,40011,2455022,0.0163,,
Colorado,2017,02 Feb,Wine,191270,4634346,0.0413,,
Connecticut,2017,02 Feb,Wine,131972,3015481,0.0438,,
Florida,2017,02 Feb,Wine,820461,17722275,0.0463,,
Illinois,2017,02 Feb,Wine,333649,10556100,0.0316,,
Kentucky,2017,02 Feb,Wine,31556,3670568,0.0086,,
Louisiana,2017,02 Feb,Wine,92590,3807282,0.0243,,
Massachusetts,2017,02 Feb,Wine,253180,5815595,0.0435,,
Missouri,2017,02 Feb,Wine,169287,5037634,0.0336,,
North Dakota,2017,02 Feb,Wine,13793,613251,0.0225,,
Oregon,2017,02 Feb,Wine,140055,3468412,0.0404,,
Texas,2017,02 Feb,Wine,690589,22572383,0.0306,,
Virginia,2017,02 Feb,Wine,245561,7015247,0.035,,
Wisconsin,2017,02 Feb,Wine,129870,4805415,0.027000000000000003,,
Alaska,2017,02 Feb,Beer,38057,593378,0.0641,,
Arkansas,2017,02 Feb,Beer,158764,2455022,0.0647,,
Colorado,2017,02 Feb,Beer,358632,4634346,0.0774,,
Connecticut,2017,02 Feb,Beer,160194,3015481,0.0531,,
Florida,2017,02 Feb,Beer,1428161,17722275,0.0806,,
Illinois,2017,02 Feb,Beer,756099,10556100,0.0716,,
Kansas,2017,02 Feb,Beer,174181,2356231,0.0739,,
Kentucky,2017,02 Feb,Beer,204005,3670568,0.0556,,
Massachusetts,2017,02 Feb,Beer,351420,5815595,0.0604,,
Missouri,2017,02 Feb,Beer,405457,5037634,0.0805,,
North Dakota,2017,02 Feb,Beer,67286,613251,0.1097,,
Oregon,2017,02 Feb,Beer,295260,3468412,0.0851,,
Texas,2017,02 Feb,Beer,1813147,22572383,0.0803,,
Virginia,2017,02 Feb,Beer,461777,7015247,0.0658,,
Alaska,2017,03 Mar,Spirits,57964,593378,0.0977,,
Arkansas,2017,03 Mar,Spirits,118781,2455022,0.0484,,
Colorado,2017,03 Mar,Spirits,474470,4634346,0.1024,,
Connecticut,2017,03 Mar,Spirits,238969,3015481,0.0792,,
Florida,2017,03 Mar,Spirits,1733278,17722275,0.0978,,
Illinois,2017,03 Mar,Spirits,726247,10556100,0.0688,,
Kansas,2017,03 Mar,Spirits,141872,2356231,0.0602,,
Kentucky,2017,03 Mar,Spirits,279932,3670568,0.0763,,
Louisiana,2017,03 Mar,Spirits,334601,3807282,0.0879,,
Massachusetts,2017,03 Mar,Spirits,498341,5815595,0.0857,,
Missouri,2017,03 Mar,Spirits,437490,5037634,0.0868,,
North Dakota,2017,03 Mar,Spirits,66611,613251,0.1086,,
Texas,2017,03 Mar,Spirits,1066977,22572383,0.0473,,
Virginia,2017,03 Mar,Spirits,387968,7015247,0.0553,,
Wisconsin,2017,03 Mar,Spirits,377881,4805415,0.0786,,
Alaska,2017,03 Mar,Wine,26799,593378,0.0452,,
Arkansas,2017,03 Mar,Wine,39087,2455022,0.0159,,
Colorado,2017,03 Mar,Wine,195612,4634346,0.0422,,
Connecticut,2017,03 Mar,Wine,167437,3015481,0.0555,,
Florida,2017,03 Mar,Wine,929590,17722275,0.0525,,
Illinois,2017,03 Mar,Wine,387984,10556100,0.0368,,
Kentucky,2017,03 Mar,Wine,41329,3670568,0.0113,,
Louisiana,2017,03 Mar,Wine,109602,3807282,0.0288,,
Massachusetts,2017,03 Mar,Wine,351241,5815595,0.0604,,
Missouri,2017,03 Mar,Wine,172919,5037634,0.0343,,
North Dakota,2017,03 Mar,Wine,16270,613251,0.0265,,
Oregon,2017,03 Mar,Wine,165787,3468412,0.0478,,
Texas,2017,03 Mar,Wine,600989,22572383,0.0266,,
Virginia,2017,03 Mar,Wine,284476,7015247,0.0406,,
Wisconsin,2017,03 Mar,Wine,131897,4805415,0.0274,,
Alaska,2017,03 Mar,Beer,49693,593378,0.0837,,
Arkansas,2017,03 Mar,Beer,169689,2455022,0.0691,,
Colorado,2017,03 Mar,Beer,443169,4634346,0.0956,,
Connecticut,2017,03 Mar,Beer,193183,3015481,0.0641,,
Florida,2017,03 Mar,Beer,1819369,17722275,0.1027,,
Illinois,2017,03 Mar,Beer,946462,10556100,0.0897,,
Kansas,2017,03 Mar,Beer,175160,2356231,0.0743,,
Kentucky,2017,03 Mar,Beer,282885,3670568,0.0771,,
Massachusetts,2017,03 Mar,Beer,471045,5815595,0.081,,
Missouri,2017,03 Mar,Beer,500537,5037634,0.0994,,
North Dakota,2017,03 Mar,Beer,71916,613251,0.1173,,
Oregon,2017,03 Mar,Beer,315050,3468412,0.0908,,
Texas,2017,03 Mar,Beer,1927873,22572383,0.0854,,
Virginia,2017,03 Mar,Beer,552583,7015247,0.0788,,
Alaska,2017,04 Apr,Spirits,54136,593378,0.0912,,
Arkansas,2017,04 Apr,Spirits,134302,2455022,0.0547,,
Colorado,2017,04 Apr,Spirits,388608,4634346,0.0839,,
Connecticut,2017,04 Apr,Spirits,218000,3015481,0.0723,,
Florida,2017,04 Apr,Spirits,1323471,17722275,0.0747,,
Illinois,2017,04 Apr,Spirits,610879,10556100,0.0579,,
Kansas,2017,04 Apr,Spirits,162154,2356231,0.0688,,
Kentucky,2017,04 Apr,Spirits,259637,3670568,0.0707,,
Louisiana,2017,04 Apr,Spirits,299964,3807282,0.0788,,
Massachusetts,2017,04 Apr,Spirits,414389,5815595,0.0713,,
Missouri,2017,04 Apr,Spirits,402845,5037634,0.08,,
North Dakota,2017,04 Apr,Spirits,55319,613251,0.0902,,
Texas,2017,04 Apr,Spirits,1278104,22572383,0.0566,,
Virginia,2017,04 Apr,Spirits,369694,7015247,0.0527,,
Wisconsin,2017,04 Apr,Spirits,574748,4805415,0.1196,,
Alaska,2017,04 Apr,Wine,21468,593378,0.0362,,
Arkansas,2017,04 Apr,Wine,47630,2455022,0.0194,,
Colorado,2017,04 Apr,Wine,177513,4634346,0.0383,,
Connecticut,2017,04 Apr,Wine,138120,3015481,0.0458,,
Florida,2017,04 Apr,Wine,769871,17722275,0.0434,,
Illinois,2017,04 Apr,Wine,348096,10556100,0.033,,
Kentucky,2017,04 Apr,Wine,67491,3670568,0.0184,,
Louisiana,2017,04 Apr,Wine,98460,3807282,0.0259,,
Massachusetts,2017,04 Apr,Wine,300088,5815595,0.0516,,
Missouri,2017,04 Apr,Wine,137780,5037634,0.0274,,
North Dakota,2017,04 Apr,Wine,20683,613251,0.0337,,
Oregon,2017,04 Apr,Wine,188184,3468412,0.0543,,
Texas,2017,04 Apr,Wine,642837,22572383,0.0285,,
Virginia,2017,04 Apr,Wine,264406,7015247,0.0377,,
Wisconsin,2017,04 Apr,Wine,168916,4805415,0.0352,,
Alaska,2017,04 Apr,Beer,48108,593378,0.0811,,
Arkansas,2017,04 Apr,Beer,184745,2455022,0.0753,,
Colorado,2017,04 Apr,Beer,402741,4634346,0.0869,,
Connecticut,2017,04 Apr,Beer,194802,3015481,0.0646,,
Florida,2017,04 Apr,Beer,1612246,17722275,0.091,,
Illinois,2017,04 Apr,Beer,914762,10556100,0.0867,,
Kansas,2017,04 Apr,Beer,216671,2356231,0.092,,
Kentucky,2017,04 Apr,Beer,301052,3670568,0.08199999999999999,,
Massachusetts,2017,04 Apr,Beer,458262,5815595,0.0788,,
Missouri,2017,04 Apr,Beer,490645,5037634,0.0974,,
North Dakota,2017,04 Apr,Beer,87042,613251,0.1419,,
Oregon,2017,04 Apr,Beer,402710,3468412,0.1161,,
Texas,2017,04 Apr,Beer,2519299,22572383,0.1116,,
Virginia,2017,04 Apr,Beer,537029,7015247,0.0766,,
Alaska,2017,05 May,Spirits,65009,593378,0.1096,,
Arkansas,2017,05 May,Spirits,119635,2455022,0.0487,,
Colorado,2017,05 May,Spirits,483545,4634346,0.1043,,
Connecticut,2017,05 May,Spirits,266423,3015481,0.0884,,
Florida,2017,05 May,Spirits,1611285,17722275,0.0909,,
Illinois,2017,05 May,Spirits,839733,10556100,0.0795,,
Kansas,2017,05 May,Spirits,141906,2356231,0.0602,,
Kentucky,2017,05 May,Spirits,235849,3670568,0.0643,,
Louisiana,2017,05 May,Spirits,328676,3807282,0.0863,,
Massachusetts,2017,05 May,Spirits,521332,5815595,0.0896,,
Missouri,2017,05 May,Spirits,446983,5037634,0.0887,,
North Dakota,2017,05 May,Spirits,73128,613251,0.1192,,
Texas,2017,05 May,Spirits,1340708,22572383,0.0594,,
Virginia,2017,05 May,Spirits,400681,7015247,0.0571,,
Wisconsin,2017,05 May,Spirits,438642,4805415,0.0913,,
Alaska,2017,05 May,Wine,29093,593378,0.049,,
Arkansas,2017,05 May,Wine,41613,2455022,0.017,,
Colorado,2017,05 May,Wine,197129,4634346,0.0425,,
Connecticut,2017,05 May,Wine,153124,3015481,0.0508,,
Florida,2017,05 May,Wine,729941,17722275,0.0412,,
Illinois,2017,05 May,Wine,412985,10556100,0.0391,,
Kentucky,2017,05 May,Wine,64019,3670568,0.0174,,
Louisiana,2017,05 May,Wine,106659,3807282,0.027999999999999997,,
Massachusetts,2017,05 May,Wine,326913,5815595,0.0562,,
Missouri,2017,05 May,Wine,153723,5037634,0.0305,,
North Dakota,2017,05 May,Wine,15738,613251,0.0257,,
Oregon,2017,05 May,Wine,143717,3468412,0.0414,,
Texas,2017,05 May,Wine,589272,22572383,0.0261,,
Virginia,2017,05 May,Wine,293784,7015247,0.0419,,
Wisconsin,2017,05 May,Wine,139058,4805415,0.0289,,
Alaska,2017,05 May,Beer,65609,593378,0.1106,,
Arkansas,2017,05 May,Beer,197455,2455022,0.0804,,
Colorado,2017,05 May,Beer,480823,4634346,0.1038,,
Connecticut,2017,05 May,Beer,234447,3015481,0.0777,,
Florida,2017,05 May,Beer,1732001,17722275,0.0977,,
Illinois,2017,05 May,Beer,1130691,10556100,0.1071,,
Kansas,2017,05 May,Beer,190116,2356231,0.0807,,
Kentucky,2017,05 May,Beer,269277,3670568,0.0734,,
Massachusetts,2017,05 May,Beer,547143,5815595,0.0941,,
Missouri,2017,05 May,Beer,546178,5037634,0.1084,,
North Dakota,2017,05 May,Beer,95223,613251,0.1553,,
Oregon,2017,05 May,Beer,324285,3468412,0.0935,,
Texas,2017,05 May,Beer,2230238,22572383,0.0988,,
Virginia,2017,05 May,Beer,657746,7015247,0.0938,,
Alaska,2017,06 Jun,Spirits,74444,593378,0.1255,,
Arkansas,2017,06 Jun,Spirits,134789,2455022,0.0549,,
Colorado,2017,06 Jun,Spirits,591260,4634346,0.1276,,
Connecticut,2017,06 Jun,Spirits,315753,3015481,0.1047,,
Florida,2017,06 Jun,Spirits,1891872,17722275,0.1068,,
Illinois,2017,06 Jun,Spirits,969247,10556100,0.0918,,
Kansas,2017,06 Jun,Spirits,155343,2356231,0.0659,,
Kentucky,2017,06 Jun,Spirits,267204,3670568,0.0728,,
Louisiana,2017,06 Jun,Spirits,357440,3807282,0.0939,,
Massachusetts,2017,06 Jun,Spirits,774198,5815595,0.1331,,
Missouri,2017,06 Jun,Spirits,490417,5037634,0.0974,,
North Dakota,2017,06 Jun,Spirits,82648,613251,0.1348,,
Texas,2017,06 Jun,Spirits,1325485,22572383,0.0587,,
Virginia,2017,06 Jun,Spirits,397435,7015247,0.0567,,
Wisconsin,2017,06 Jun,Spirits,582305,4805415,0.1212,,
Alaska,2017,06 Jun,Wine,32537,593378,0.0548,,
Arkansas,2017,06 Jun,Wine,42600,2455022,0.0174,,
Colorado,2017,06 Jun,Wine,220427,4634346,0.0476,,
Connecticut,2017,06 Jun,Wine,167489,3015481,0.0555,,
Florida,2017,06 Jun,Wine,735562,17722275,0.0415,,
Illinois,2017,06 Jun,Wine,449843,10556100,0.0426,,
Kentucky,2017,06 Jun,Wine,68487,3670568,0.0187,,
Louisiana,2017,06 Jun,Wine,110536,3807282,0.028999999999999998,,
Massachusetts,2017,06 Jun,Wine,422090,5815595,0.0726,,
Missouri,2017,06 Jun,Wine,183374,5037634,0.0364,,
North Dakota,2017,06 Jun,Wine,15844,613251,0.0258,,
Oregon,2017,06 Jun,Wine,163274,3468412,0.0471,,
Texas,2017,06 Jun,Wine,646676,22572383,0.0286,,
Virginia,2017,06 Jun,Wine,297084,7015247,0.0423,,
Wisconsin,2017,06 Jun,Wine,167208,4805415,0.0348,,
Alaska,2017,06 Jun,Beer,73304,593378,0.1235,,
Arkansas,2017,06 Jun,Beer,219354,2455022,0.0893,,
Colorado,2017,06 Jun,Beer,561407,4634346,0.1211,,
Connecticut,2017,06 Jun,Beer,267892,3015481,0.0888,,
Florida,2017,06 Jun,Beer,1643452,17722275,0.0927,,
Illinois,2017,06 Jun,Beer,1258559,10556100,0.1192,,
Kansas,2017,06 Jun,Beer,208317,2356231,0.0884,,
Kentucky,2017,06 Jun,Beer,322695,3670568,0.0879,,
Massachusetts,2017,06 Jun,Beer,571557,5815595,0.0983,,
Missouri,2017,06 Jun,Beer,545753,5037634,0.1083,,
North Dakota,2017,06 Jun,Beer,101851,613251,0.1661,,
Oregon,2017,06 Jun,Beer,401254,3468412,0.1157,,
Texas,2017,06 Jun,Beer,2809416,22572383,0.1245,,
Virginia,2017,06 Jun,Beer,678699,7015247,0.0967,,
Alaska,2017,07 Jul,Spirits,61279,593378,0.1033,,
Arkansas,2017,07 Jul,Spirits,158511,2455022,0.0646,,
Colorado,2017,07 Jul,Spirits,383797,4634346,0.0828,,
Connecticut,2017,07 Jul,Spirits,235901,3015481,0.0782,,
Florida,2017,07 Jul,Spirits,1116694,17722275,0.063,,
Illinois,2017,07 Jul,Spirits,511665,10556100,0.0485,,
Kansas,2017,07 Jul,Spirits,186782,2356231,0.0793,,
Kentucky,2017,07 Jul,Spirits,283521,3670568,0.0772,,
Louisiana,2017,07 Jul,Spirits,261823,3807282,0.0688,,
Massachusetts,2017,07 Jul,Spirits,343377,5815595,0.059000000000000004,,
Missouri,2017,07 Jul,Spirits,363582,5037634,0.0722,,
North Dakota,2017,07 Jul,Spirits,63621,613251,0.1037,,
Texas,2017,07 Jul,Spirits,1379418,22572383,0.0611,,
Virginia,2017,07 Jul,Spirits,390519,7015247,0.0557,,
Wisconsin,2017,07 Jul,Spirits,633166,4805415,0.1318,,
Alaska,2017,07 Jul,Wine,27565,593378,0.0465,,
Arkansas,2017,07 Jul,Wine,47161,2455022,0.0192,,
Colorado,2017,07 Jul,Wine,172350,4634346,0.0372,,
Connecticut,2017,07 Jul,Wine,142408,3015481,0.0472,,
Florida,2017,07 Jul,Wine,568624,17722275,0.0321,,
Illinois,2017,07 Jul,Wine,313436,10556100,0.0297,,
Kentucky,2017,07 Jul,Wine,69670,3670568,0.019,,
Louisiana,2017,07 Jul,Wine,85608,3807282,0.0225,,
Massachusetts,2017,07 Jul,Wine,238136,5815595,0.0409,,
Missouri,2017,07 Jul,Wine,131632,5037634,0.0261,,
North Dakota,2017,07 Jul,Wine,14000,613251,0.0228,,
Oregon,2017,07 Jul,Wine,192560,3468412,0.0555,,
Texas,2017,07 Jul,Wine,658789,22572383,0.0292,,
Virginia,2017,07 Jul,Wine,259942,7015247,0.0371,,
Wisconsin,2017,07 Jul,Wine,174505,4805415,0.0363,,
Alaska,2017,07 Jul,Beer,63374,593378,0.1068,,
Arkansas,2017,07 Jul,Beer,219406,2455022,0.0894,,
Colorado,2017,07 Jul,Beer,465644,4634346,0.1005,,
Connecticut,2017,07 Jul,Beer,222988,3015481,0.0739,,
Florida,2017,07 Jul,Beer,1457466,17722275,0.0822,,
Illinois,2017,07 Jul,Beer,962817,10556100,0.0912,,
Kansas,2017,07 Jul,Beer,257021,2356231,0.1091,,
Kentucky,2017,07 Jul,Beer,349029,3670568,0.0951,,
Massachusetts,2017,07 Jul,Beer,487017,5815595,0.0837,,
Missouri,2017,07 Jul,Beer,495023,5037634,0.0983,,
North Dakota,2017,07 Jul,Beer,83567,613251,0.1363,,
Oregon,2017,07 Jul,Beer,439054,3468412,0.1266,,
Texas,2017,07 Jul,Beer,2710401,22572383,0.1201,,
Virginia,2017,07 Jul,Beer,568574,7015247,0.081,,
Alaska,2017,08 Aug,Spirits,73012,593378,0.12300000000000001,,
Arkansas,2017,08 Aug,Spirits,116702,2455022,0.0475,,
Colorado,2017,08 Aug,Spirits,494539,4634346,0.1067,,
Connecticut,2017,08 Aug,Spirits,220835,3015481,0.0732,,
Florida,2017,08 Aug,Spirits,1394408,17722275,0.0787,,
Illinois,2017,08 Aug,Spirits,752971,10556100,0.0713,,
Kansas,2017,08 Aug,Spirits,121346,2356231,0.0515,,
Kentucky,2017,08 Aug,Spirits,221830,3670568,0.0604,,
Louisiana,2017,08 Aug,Spirits,302515,3807282,0.0795,,
Massachusetts,2017,08 Aug,Spirits,443277,5815595,0.0762,,
Missouri,2017,08 Aug,Spirits,418433,5037634,0.0831,,
North Dakota,2017,08 Aug,Spirits,68927,613251,0.1124,,
Texas,2017,08 Aug,Spirits,1292062,22572383,0.0572,,
Virginia,2017,08 Aug,Spirits,386402,7015247,0.0551,,
Wisconsin,2017,08 Aug,Spirits,389960,4805415,0.0812,,
Alaska,2017,08 Aug,Wine,32067,593378,0.054000000000000006,,
Arkansas,2017,08 Aug,Wine,40599,2455022,0.0165,,
Colorado,2017,08 Aug,Wine,218514,4634346,0.0472,,
Connecticut,2017,08 Aug,Wine,137931,3015481,0.0457,,
Florida,2017,08 Aug,Wine,754895,17722275,0.0426,,
Illinois,2017,08 Aug,Wine,435978,10556100,0.0413,,
Kentucky,2017,08 Aug,Wine,54267,3670568,0.0148,,
Louisiana,2017,08 Aug,Wine,111839,3807282,0.0294,,
Massachusetts,2017,08 Aug,Wine,301765,5815595,0.0519,,
Missouri,2017,08 Aug,Wine,158865,5037634,0.0315,,
North Dakota,2017,08 Aug,Wine,16960,613251,0.0277,,
Oregon,2017,08 Aug,Wine,148148,3468412,0.0427,,
Texas,2017,08 Aug,Wine,646534,22572383,0.0286,,
Virginia,2017,08 Aug,Wine,299326,7015247,0.0427,,
Wisconsin,2017,08 Aug,Wine,139021,4805415,0.0289,,
Alaska,2017,08 Aug,Beer,73643,593378,0.1241,,
Arkansas,2017,08 Aug,Beer,200128,2455022,0.0815,,
Colorado,2017,08 Aug,Beer,537962,4634346,0.1161,,
Connecticut,2017,08 Aug,Beer,256051,3015481,0.0849,,
Florida,2017,08 Aug,Beer,1712901,17722275,0.0967,,
Illinois,2017,08 Aug,Beer,1201127,10556100,0.1138,,
Kansas,2017,08 Aug,Beer,211730,2356231,0.0899,,
Kentucky,2017,08 Aug,Beer,285049,3670568,0.0777,,
Massachusetts,2017,08 Aug,Beer,556807,5815595,0.0957,,
Missouri,2017,08 Aug,Beer,545941,5037634,0.1084,,
North Dakota,2017,08 Aug,Beer,86030,613251,0.1403,,
Oregon,2017,08 Aug,Beer,418496,3468412,0.1207,,
Texas,2017,08 Aug,Beer,2241990,22572383,0.0993,,
Virginia,2017,08 Aug,Beer,657757,7015247,0.0938,,
Alaska,2017,09 Sep,Spirits,59212,593378,0.0998,,
Arkansas,2017,09 Sep,Spirits,151398,2455022,0.0617,,
Colorado,2017,09 Sep,Spirits,433628,4634346,0.0936,,
Connecticut,2017,09 Sep,Spirits,223091,3015481,0.07400000000000001,,
Florida,2017,09 Sep,Spirits,1153296,17722275,0.0651,,
Illinois,2017,09 Sep,Spirits,666299,10556100,0.0631,,
Kansas,2017,09 Sep,Spirits,159951,2356231,0.0679,,
Kentucky,2017,09 Sep,Spirits,253002,3670568,0.0689,,
Louisiana,2017,09 Sep,Spirits,283286,3807282,0.0744,,
Massachusetts,2017,09 Sep,Spirits,477877,5815595,0.0822,,
Missouri,2017,09 Sep,Spirits,493152,5037634,0.0979,,
North Dakota,2017,09 Sep,Spirits,62741,613251,0.1023,,
Texas,2017,09 Sep,Spirits,1102812,22572383,0.0489,,
Virginia,2017,09 Sep,Spirits,389019,7015247,0.0555,,
Wisconsin,2017,09 Sep,Spirits,493997,4805415,0.1028,,
Alaska,2017,09 Sep,Wine,25682,593378,0.0433,,
Arkansas,2017,09 Sep,Wine,43750,2455022,0.0178,,
Colorado,2017,09 Sep,Wine,176028,4634346,0.038,,
Connecticut,2017,09 Sep,Wine,137358,3015481,0.0456,,
Florida,2017,09 Sep,Wine,569997,17722275,0.0322,,
Illinois,2017,09 Sep,Wine,347116,10556100,0.0329,,
Kentucky,2017,09 Sep,Wine,68244,3670568,0.0186,,
Louisiana,2017,09 Sep,Wine,94457,3807282,0.0248,,
Massachusetts,2017,09 Sep,Wine,336527,5815595,0.0579,,
Missouri,2017,09 Sep,Wine,176178,5037634,0.035,,
North Dakota,2017,09 Sep,Wine,12537,613251,0.0204,,
Oregon,2017,09 Sep,Wine,193355,3468412,0.0557,,
Texas,2017,09 Sep,Wine,612875,22572383,0.0272,,
Virginia,2017,09 Sep,Wine,267396,7015247,0.0381,,
Wisconsin,2017,09 Sep,Wine,171106,4805415,0.0356,,
Alaska,2017,09 Sep,Beer,48752,593378,0.0822,,
Arkansas,2017,09 Sep,Beer,217917,2455022,0.0888,,
Colorado,2017,09 Sep,Beer,447429,4634346,0.0965,,
Connecticut,2017,09 Sep,Beer,211723,3015481,0.0702,,
Florida,2017,09 Sep,Beer,1462187,17722275,0.0825,,
Illinois,2017,09 Sep,Beer,963893,10556100,0.0913,,
Kansas,2017,09 Sep,Beer,244159,2356231,0.1036,,
Kentucky,2017,09 Sep,Beer,358923,3670568,0.0978,,
Massachusetts,2017,09 Sep,Beer,445924,5815595,0.0767,,
Missouri,2017,09 Sep,Beer,468924,5037634,0.0931,,
North Dakota,2017,09 Sep,Beer,68097,613251,0.111,,
Oregon,2017,09 Sep,Beer,440503,3468412,0.127,,
Texas,2017,09 Sep,Beer,2556785,22572383,0.1133,,
Virginia,2017,09 Sep,Beer,560421,7015247,0.0799,,
Alaska,2017,10 Oct,Spirits,54797,593378,0.0923,,
Arkansas,2017,10 Oct,Spirits,125104,2455022,0.051,,
Colorado,2017,10 Oct,Spirits,436085,4634346,0.0941,,
Connecticut,2017,10 Oct,Spirits,321352,3015481,0.1066,,
Florida,2017,10 Oct,Spirits,1644048,17722275,0.0928,,
Illinois,2017,10 Oct,Spirits,779086,10556100,0.0738,,
Kansas,2017,10 Oct,Spirits,140614,2356231,0.0597,,
Kentucky,2017,10 Oct,Spirits,243856,3670568,0.0664,,
Louisiana,2017,10 Oct,Spirits,340181,3807282,0.0894,,
Massachusetts,2017,10 Oct,Spirits,448926,5815595,0.0772,,
Missouri,2017,10 Oct,Spirits,429637,5037634,0.0853,,
North Dakota,2017,10 Oct,Spirits,66969,613251,0.1092,,
Texas,2017,10 Oct,Spirits,1383565,22572383,0.0613,,
Virginia,2017,10 Oct,Spirits,384369,7015247,0.0548,,
Wisconsin,2017,10 Oct,Spirits,438771,4805415,0.0913,,
Alaska,2017,10 Oct,Wine,24217,593378,0.0408,,
Arkansas,2017,10 Oct,Wine,42540,2455022,0.0173,,
Colorado,2017,10 Oct,Wine,206278,4634346,0.0445,,
Connecticut,2017,10 Oct,Wine,176972,3015481,0.0587,,
Florida,2017,10 Oct,Wine,843762,17722275,0.0476,,
Illinois,2017,10 Oct,Wine,422007,10556100,0.04,,
Kentucky,2017,10 Oct,Wine,60213,3670568,0.0164,,
Louisiana,2017,10 Oct,Wine,118239,3807282,0.0311,,
Massachusetts,2017,10 Oct,Wine,288639,5815595,0.0496,,
Missouri,2017,10 Oct,Wine,184289,5037634,0.0366,,
North Dakota,2017,10 Oct,Wine,18212,613251,0.0297,,
Oregon,2017,10 Oct,Wine,176197,3468412,0.0508,,
Texas,2017,10 Oct,Wine,613728,22572383,0.0272,,
Virginia,2017,10 Oct,Wine,309324,7015247,0.0441,,
Wisconsin,2017,10 Oct,Wine,173415,4805415,0.0361,,
Alaska,2017,10 Oct,Beer,44904,593378,0.0757,,
Arkansas,2017,10 Oct,Beer,191956,2455022,0.0782,,
Colorado,2017,10 Oct,Beer,403754,4634346,0.0871,,
Connecticut,2017,10 Oct,Beer,190022,3015481,0.063,,
Florida,2017,10 Oct,Beer,1522546,17722275,0.0859,,
Illinois,2017,10 Oct,Beer,916924,10556100,0.0869,,
Kansas,2017,10 Oct,Beer,194037,2356231,0.0824,,
Kentucky,2017,10 Oct,Beer,280657,3670568,0.0765,,
Massachusetts,2017,10 Oct,Beer,418093,5815595,0.0719,,
Missouri,2017,10 Oct,Beer,462034,5037634,0.0917,,
North Dakota,2017,10 Oct,Beer,70943,613251,0.1157,,
Oregon,2017,10 Oct,Beer,372451,3468412,0.1074,,
Texas,2017,10 Oct,Beer,2362853,22572383,0.1047,,
Virginia,2017,10 Oct,Beer,552361,7015247,0.0787,,
Alaska,2017,11 Nov,Spirits,60612,593378,0.1021,,
Arkansas,2017,11 Nov,Spirits,154462,2455022,0.0629,,
Colorado,2017,11 Nov,Spirits,492659,4634346,0.1063,,
Connecticut,2017,11 Nov,Spirits,280664,3015481,0.0931,,
Florida,2017,11 Nov,Spirits,1644497,17722275,0.0928,,
Illinois,2017,11 Nov,Spirits,831533,10556100,0.0788,,
Kansas,2017,11 Nov,Spirits,219415,2356231,0.0931,,
Kentucky,2017,11 Nov,Spirits,264160,3670568,0.07200000000000001,,
Louisiana,2017,11 Nov,Spirits,335973,3807282,0.0882,,
Massachusetts,2017,11 Nov,Spirits,489960,5815595,0.0842,,
Missouri,2017,11 Nov,Spirits,482525,5037634,0.0958,,
North Dakota,2017,11 Nov,Spirits,69989,613251,0.1141,,
Texas,2017,11 Nov,Spirits,1324361,22572383,0.0587,,
Virginia,2017,11 Nov,Spirits,413728,7015247,0.059000000000000004,,
Wisconsin,2017,11 Nov,Spirits,660604,4805415,0.1375,,
Alaska,2017,11 Nov,Wine,25023,593378,0.0422,,
Arkansas,2017,11 Nov,Wine,57449,2455022,0.0234,,
Colorado,2017,11 Nov,Wine,225626,4634346,0.0487,,
Connecticut,2017,11 Nov,Wine,186162,3015481,0.0617,,
Florida,2017,11 Nov,Wine,938838,17722275,0.053,,
Illinois,2017,11 Nov,Wine,478465,10556100,0.0453,,
Kentucky,2017,11 Nov,Wine,67967,3670568,0.0185,,
Louisiana,2017,11 Nov,Wine,123110,3807282,0.0323,,
Massachusetts,2017,11 Nov,Wine,368970,5815595,0.0634,,
Missouri,2017,11 Nov,Wine,185597,5037634,0.0368,,
North Dakota,2017,11 Nov,Wine,25010,613251,0.0408,,
Oregon,2017,11 Nov,Wine,175320,3468412,0.0505,,
Texas,2017,11 Nov,Wine,732391,22572383,0.0324,,
Virginia,2017,11 Nov,Wine,334051,7015247,0.0476,,
Wisconsin,2017,11 Nov,Wine,179552,4805415,0.0374,,
Alaska,2017,11 Nov,Beer,44491,593378,0.075,,
Arkansas,2017,11 Nov,Beer,192734,2455022,0.0785,,
Colorado,2017,11 Nov,Beer,419155,4634346,0.0904,,
Connecticut,2017,11 Nov,Beer,191063,3015481,0.0634,,
Florida,2017,11 Nov,Beer,1591777,17722275,0.0898,,
Illinois,2017,11 Nov,Beer,904517,10556100,0.0857,,
Kansas,2017,11 Nov,Beer,166509,2356231,0.0707,,
Kentucky,2017,11 Nov,Beer,282331,3670568,0.0769,,
Massachusetts,2017,11 Nov,Beer,422740,5815595,0.0727,,
Missouri,2017,11 Nov,Beer,442579,5037634,0.0879,,
North Dakota,2017,11 Nov,Beer,72835,613251,0.1188,,
Oregon,2017,11 Nov,Beer,302802,3468412,0.0873,,
Texas,2017,11 Nov,Beer,2316102,22572383,0.1026,,
Virginia,2017,11 Nov,Beer,545201,7015247,0.0777,,
Alaska,2017,12 Dec,Spirits,67433,593378,0.1136,,
Arkansas,2017,12 Dec,Spirits,153625,2455022,0.0626,,
Colorado,2017,12 Dec,Spirits,646135,4634346,0.1394,,
Connecticut,2017,12 Dec,Spirits,243436,3015481,0.0807,,
Florida,2017,12 Dec,Spirits,2326231,17722275,0.1313,,
Illinois,2017,12 Dec,Spirits,1094431,10556100,0.1037,,
Kansas,2017,12 Dec,Spirits,169481,2356231,0.0719,,
Kentucky,2017,12 Dec,Spirits,274670,3670568,0.0748,,
Louisiana,2017,12 Dec,Spirits,400362,3807282,0.1052,,
Massachusetts,2017,12 Dec,Spirits,707646,5815595,0.1217,,
Missouri,2017,12 Dec,Spirits,468663,5037634,0.09300000000000001,,
North Dakota,2017,12 Dec,Spirits,81518,613251,0.1329,,
Texas,2017,12 Dec,Spirits,1861099,22572383,0.0825,,
Virginia,2017,12 Dec,Spirits,524224,7015247,0.0747,,
Wisconsin,2017,12 Dec,Spirits,517552,4805415,0.1077,,
Alaska,2017,12 Dec,Wine,28685,593378,0.0483,,
Arkansas,2017,12 Dec,Wine,58647,2455022,0.0239,,
Colorado,2017,12 Dec,Wine,255828,4634346,0.0552,,
Connecticut,2017,12 Dec,Wine,175353,3015481,0.0582,,
Florida,2017,12 Dec,Wine,904268,17722275,0.051,,
Illinois,2017,12 Dec,Wine,538400,10556100,0.051,,
Kentucky,2017,12 Dec,Wine,78083,3670568,0.0213,,
Louisiana,2017,12 Dec,Wine,136057,3807282,0.0357,,
Massachusetts,2017,12 Dec,Wine,453625,5815595,0.078,,
Missouri,2017,12 Dec,Wine,175249,5037634,0.0348,,
North Dakota,2017,12 Dec,Wine,24817,613251,0.0405,,
Oregon,2017,12 Dec,Wine,181188,3468412,0.0522,,
Texas,2017,12 Dec,Wine,731395,22572383,0.0324,,
Virginia,2017,12 Dec,Wine,338920,7015247,0.0483,,
Wisconsin,2017,12 Dec,Wine,195405,4805415,0.0407,,
Alaska,2017,12 Dec,Beer,42832,593378,0.0722,,
Arkansas,2017,12 Dec,Beer,159974,2455022,0.0652,,
Colorado,2017,12 Dec,Beer,402324,4634346,0.0868,,
Connecticut,2017,12 Dec,Beer,195039,3015481,0.0647,,
Florida,2017,12 Dec,Beer,1631385,17722275,0.0921,,
Illinois,2017,12 Dec,Beer,930655,10556100,0.0882,,
Kansas,2017,12 Dec,Beer,200457,2356231,0.0851,,
Kentucky,2017,12 Dec,Beer,261359,3670568,0.0712,,
Massachusetts,2017,12 Dec,Beer,408434,5815595,0.0702,,
Missouri,2017,12 Dec,Beer,388067,5037634,0.077,,
North Dakota,2017,12 Dec,Beer,56250,613251,0.0917,,
Oregon,2017,12 Dec,Beer,308905,3468412,0.0891,,
Texas,2017,12 Dec,Beer,2765874,22572383,0.1225,,
Virginia,2017,12 Dec,Beer,529290,7015247,0.0754,,
Alaska,2018,01 Jan,Spirits,40474,590760,0.0685,,
Arkansas,2018,01 Jan,Spirits,133187,2465297,0.054000000000000006,,
Colorado,2018,01 Jan,Spirits,336126,4715895,0.0713,,
Connecticut,2018,01 Jan,Spirits,185030,3019150,0.0613,,
Florida,2018,01 Jan,Spirits,1245453,17980787,0.0693,,
Illinois,2018,01 Jan,Spirits,463274,10533371,0.044000000000000004,,
Kansas,2018,01 Jan,Spirits,126814,2364319,0.0536,,
Kentucky,2018,01 Jan,Spirits,314303,3681254,0.0854,,
Louisiana,2018,01 Jan,Spirits,290228,3803169,0.0763,,
Massachusetts,2018,01 Jan,Spirits,261946,5844357,0.0448,,
Missouri,2018,01 Jan,Spirits,279055,5056750,0.0552,,
North Dakota,2018,01 Jan,Spirits,54285,615077,0.0883,,
Texas,2018,01 Jan,Spirits,1612663,22899863,0.0704,,
Virginia,2018,01 Jan,Spirits,339915,7056421,0.0482,,
Wisconsin,2018,01 Jan,Spirits,559264,4829270,0.1158,,
Alaska,2018,01 Jan,Wine,18400,590760,0.0311,,
Arkansas,2018,01 Jan,Wine,59547,2465297,0.0242,,
Colorado,2018,01 Jan,Wine,156069,4715895,0.0331,,
Connecticut,2018,01 Jan,Wine,113165,3019150,0.0375,,
Florida,2018,01 Jan,Wine,785126,17980787,0.0437,,
Illinois,2018,01 Jan,Wine,293673,10533371,0.0279,,
Kentucky,2018,01 Jan,Wine,95200,3681254,0.0259,,
Louisiana,2018,01 Jan,Wine,97638,3803169,0.0257,,
Massachusetts,2018,01 Jan,Wine,187796,5844357,0.0321,,
Missouri,2018,01 Jan,Wine,142493,5056750,0.0282,,
North Dakota,2018,01 Jan,Wine,11893,615077,0.0193,,
Oregon,2018,01 Jan,Wine,168784,3509161,0.0481,,
Texas,2018,01 Jan,Wine,751321,22899863,0.0328,,
Virginia,2018,01 Jan,Wine,255328,7056421,0.0362,,
Wisconsin,2018,01 Jan,Wine,160868,4829270,0.0333,,
Alaska,2018,01 Jan,Beer,38406,590760,0.065,,
Arkansas,2018,01 Jan,Beer,154479,2465297,0.0627,,
Colorado,2018,01 Jan,Beer,369988,4715895,0.0785,,
Connecticut,2018,01 Jan,Beer,156397,3019150,0.0518,,
Florida,2018,01 Jan,Beer,1388555,17980787,0.0772,,
Illinois,2018,01 Jan,Beer,733135,10533371,0.0696,,
Kansas,2018,01 Jan,Beer,156936,2364319,0.0664,,
Kentucky,2018,01 Jan,Beer,234887,3681254,0.0638,,
Massachusetts,2018,01 Jan,Beer,385707,5844357,0.066,,
Missouri,2018,01 Jan,Beer,388586,5056750,0.0768,,
North Dakota,2018,01 Jan,Beer,72033,615077,0.1171,,
Oregon,2018,01 Jan,Beer,268267,3509161,0.0764,,
Texas,2018,01 Jan,Beer,2246276,22899863,0.0981,,
Virginia,2018,01 Jan,Beer,465210,7056421,0.0659,,
Alaska,2018,02 Feb,Spirits,47469,590760,0.0804,,
Arkansas,2018,02 Feb,Spirits,108309,2465297,0.0439,,
Colorado,2018,02 Feb,Spirits,388788,4715895,0.0824,,
Connecticut,2018,02 Feb,Spirits,239377,3019150,0.0793,,
Florida,2018,02 Feb,Spirits,1382215,17980787,0.0769,,
Illinois,2018,02 Feb,Spirits,597226,10533371,0.0567,,
Kansas,2018,02 Feb,Spirits,129087,2364319,0.0546,,
Kentucky,2018,02 Feb,Spirits,190798,3681254,0.0518,,
Louisiana,2018,02 Feb,Spirits,290895,3803169,0.0765,,
Massachusetts,2018,02 Feb,Spirits,343821,5844357,0.0588,,
Missouri,2018,02 Feb,Spirits,372179,5056750,0.0736,,
North Dakota,2018,02 Feb,Spirits,59670,615077,0.09699999999999999,,
Texas,2018,02 Feb,Spirits,1269036,22899863,0.0554,,
Virginia,2018,02 Feb,Spirits,347350,7056421,0.0492,,
Wisconsin,2018,02 Feb,Spirits,284305,4829270,0.0589,,
Alaska,2018,02 Feb,Wine,22273,590760,0.0377,,
Arkansas,2018,02 Feb,Wine,52351,2465297,0.0212,,
Colorado,2018,02 Feb,Wine,191976,4715895,0.0407,,
Connecticut,2018,02 Feb,Wine,140085,3019150,0.0464,,
Florida,2018,02 Feb,Wine,802713,17980787,0.0446,,
Illinois,2018,02 Feb,Wine,348200,10533371,0.0331,,
Kentucky,2018,02 Feb,Wine,55356,3681254,0.015,,
Louisiana,2018,02 Feb,Wine,98888,3803169,0.026000000000000002,,
Massachusetts,2018,02 Feb,Wine,255068,5844357,0.0436,,
Missouri,2018,02 Feb,Wine,137422,5056750,0.0272,,
North Dakota,2018,02 Feb,Wine,14127,615077,0.023,,
Oregon,2018,02 Feb,Wine,154155,3509161,0.0439,,
Texas,2018,02 Feb,Wine,589946,22899863,0.0258,,
Virginia,2018,02 Feb,Wine,252397,7056421,0.0358,,
Wisconsin,2018,02 Feb,Wine,140292,4829270,0.0291,,
Alaska,2018,02 Feb,Beer,36015,590760,0.061,,
Arkansas,2018,02 Feb,Beer,133500,2465297,0.0542,,
Colorado,2018,02 Feb,Beer,343692,4715895,0.0729,,
Connecticut,2018,02 Feb,Beer,156486,3019150,0.0518,,
Florida,2018,02 Feb,Beer,1442754,17980787,0.0802,,
Illinois,2018,02 Feb,Beer,713107,10533371,0.0677,,
Kansas,2018,02 Feb,Beer,176439,2364319,0.0746,,
Kentucky,2018,02 Feb,Beer,192433,3681254,0.0523,,
Massachusetts,2018,02 Feb,Beer,353330,5844357,0.0605,,
Missouri,2018,02 Feb,Beer,399632,5056750,0.079,,
North Dakota,2018,02 Feb,Beer,59466,615077,0.0967,,
Oregon,2018,02 Feb,Beer,322851,3509161,0.092,,
Texas,2018,02 Feb,Beer,1809564,22899863,0.079,,
Virginia,2018,02 Feb,Beer,443109,7056421,0.0628,,
Alaska,2018,03 Mar,Spirits,60204,590760,0.1019,,
Arkansas,2018,03 Mar,Spirits,127275,2465297,0.0516,,
Colorado,2018,03 Mar,Spirits,463566,4715895,0.0983,,
Connecticut,2018,03 Mar,Spirits,238873,3019150,0.0791,,
Florida,2018,03 Mar,Spirits,1746057,17980787,0.0971,,
Illinois,2018,03 Mar,Spirits,717139,10533371,0.0681,,
Kansas,2018,03 Mar,Spirits,133325,2364319,0.0564,,
Kentucky,2018,03 Mar,Spirits,206118,3681254,0.055999999999999994,,
Louisiana,2018,03 Mar,Spirits,298327,3803169,0.0784,,
Massachusetts,2018,03 Mar,Spirits,483764,5844357,0.0828,,
Missouri,2018,03 Mar,Spirits,435498,5056750,0.0861,,
North Dakota,2018,03 Mar,Spirits,59667,615077,0.09699999999999999,,
Texas,2018,03 Mar,Spirits,1145236,22899863,0.05,,
Virginia,2018,03 Mar,Spirits,412371,7056421,0.0584,,
Wisconsin,2018,03 Mar,Spirits,560851,4829270,0.1161,,
Alaska,2018,03 Mar,Wine,22483,590760,0.0381,,
Arkansas,2018,03 Mar,Wine,35343,2465297,0.0143,,
Colorado,2018,03 Mar,Wine,188622,4715895,0.04,,
Connecticut,2018,03 Mar,Wine,151400,3019150,0.0501,,
Florida,2018,03 Mar,Wine,860714,17980787,0.0479,,
Illinois,2018,03 Mar,Wine,366587,10533371,0.0348,,
Kentucky,2018,03 Mar,Wine,56260,3681254,0.0153,,
Louisiana,2018,03 Mar,Wine,105515,3803169,0.0277,,
Massachusetts,2018,03 Mar,Wine,296494,5844357,0.0507,,
Missouri,2018,03 Mar,Wine,158550,5056750,0.0314,,
North Dakota,2018,03 Mar,Wine,17172,615077,0.0279,,
Oregon,2018,03 Mar,Wine,127673,3509161,0.0364,,
Texas,2018,03 Mar,Wine,604651,22899863,0.0264,,
Virginia,2018,03 Mar,Wine,278359,7056421,0.0394,,
Wisconsin,2018,03 Mar,Wine,133008,4829270,0.0275,,
Alaska,2018,03 Mar,Beer,46977,590760,0.0795,,
Arkansas,2018,03 Mar,Beer,172212,2465297,0.0699,,
Colorado,2018,03 Mar,Beer,408455,4715895,0.0866,,
Connecticut,2018,03 Mar,Beer,182357,3019150,0.0604,,
Florida,2018,03 Mar,Beer,1798273,17980787,0.1,,
Illinois,2018,03 Mar,Beer,910718,10533371,0.0865,,
Kansas,2018,03 Mar,Beer,147313,2364319,0.0623,,
Kentucky,2018,03 Mar,Beer,272417,3681254,0.07400000000000001,,
Massachusetts,2018,03 Mar,Beer,417103,5844357,0.0714,,
Missouri,2018,03 Mar,Beer,457427,5056750,0.0905,,
North Dakota,2018,03 Mar,Beer,72500,615077,0.1179,,
Oregon,2018,03 Mar,Beer,262640,3509161,0.0748,,
Texas,2018,03 Mar,Beer,1849673,22899863,0.0808,,
Virginia,2018,03 Mar,Beer,525613,7056421,0.0745,,
Alaska,2018,04 Apr,Spirits,53604,590760,0.0907,,
Arkansas,2018,04 Apr,Spirits,143676,2465297,0.0583,,
Colorado,2018,04 Apr,Spirits,404253,4715895,0.0857,,
Connecticut,2018,04 Apr,Spirits,237436,3019150,0.0786,,
Florida,2018,04 Apr,Spirits,1316347,17980787,0.0732,,
Illinois,2018,04 Apr,Spirits,644336,10533371,0.0612,,
Kansas,2018,04 Apr,Spirits,146159,2364319,0.0618,,
Kentucky,2018,04 Apr,Spirits,270585,3681254,0.0735,,
Louisiana,2018,04 Apr,Spirits,313855,3803169,0.0825,,
Massachusetts,2018,04 Apr,Spirits,464646,5844357,0.0795,,
Missouri,2018,04 Apr,Spirits,449734,5056750,0.0889,,
North Dakota,2018,04 Apr,Spirits,61330,615077,0.0997,,
Texas,2018,04 Apr,Spirits,1414306,22899863,0.0618,,
Virginia,2018,04 Apr,Spirits,368357,7056421,0.0522,,
Wisconsin,2018,04 Apr,Spirits,340431,4829270,0.0705,,
Alaska,2018,04 Apr,Wine,22259,590760,0.0377,,
Arkansas,2018,04 Apr,Wine,50151,2465297,0.0203,,
Colorado,2018,04 Apr,Wine,176337,4715895,0.0374,,
Connecticut,2018,04 Apr,Wine,135020,3019150,0.0447,,
Florida,2018,04 Apr,Wine,756541,17980787,0.0421,,
Illinois,2018,04 Apr,Wine,353790,10533371,0.0336,,
Kentucky,2018,04 Apr,Wine,64681,3681254,0.0176,,
Louisiana,2018,04 Apr,Wine,103693,3803169,0.0273,,
Massachusetts,2018,04 Apr,Wine,273846,5844357,0.0469,,
Missouri,2018,04 Apr,Wine,148441,5056750,0.0294,,
North Dakota,2018,04 Apr,Wine,21347,615077,0.0347,,
Oregon,2018,04 Apr,Wine,174684,3509161,0.0498,,
Texas,2018,04 Apr,Wine,658024,22899863,0.0287,,
Virginia,2018,04 Apr,Wine,273470,7056421,0.0388,,
Wisconsin,2018,04 Apr,Wine,159036,4829270,0.0329,,
Alaska,2018,04 Apr,Beer,47500,590760,0.0804,,
Arkansas,2018,04 Apr,Beer,192526,2465297,0.0781,,
Colorado,2018,04 Apr,Beer,417776,4715895,0.0886,,
Connecticut,2018,04 Apr,Beer,184006,3019150,0.0609,,
Florida,2018,04 Apr,Beer,1538907,17980787,0.0856,,
Illinois,2018,04 Apr,Beer,837870,10533371,0.0795,,
Kansas,2018,04 Apr,Beer,206517,2364319,0.0873,,
Kentucky,2018,04 Apr,Beer,294142,3681254,0.0799,,
Massachusetts,2018,04 Apr,Beer,449586,5844357,0.0769,,
Missouri,2018,04 Apr,Beer,473101,5056750,0.0936,,
North Dakota,2018,04 Apr,Beer,80573,615077,0.131,,
Oregon,2018,04 Apr,Beer,302196,3509161,0.0861,,
Texas,2018,04 Apr,Beer,2498038,22899863,0.1091,,
Virginia,2018,04 Apr,Beer,532145,7056421,0.0754,,
Alaska,2018,05 May,Spirits,70082,590760,0.1186,,
Arkansas,2018,05 May,Spirits,141942,2465297,0.0576,,
Colorado,2018,05 May,Spirits,526188,4715895,0.1116,,
Connecticut,2018,05 May,Spirits,267882,3019150,0.0887,,
Florida,2018,05 May,Spirits,1824195,17980787,0.1015,,
Illinois,2018,05 May,Spirits,865775,10533371,0.0822,,
Kansas,2018,05 May,Spirits,156821,2364319,0.0663,,
Kentucky,2018,05 May,Spirits,260609,3681254,0.0708,,
Louisiana,2018,05 May,Spirits,356129,3803169,0.0936,,
Massachusetts,2018,05 May,Spirits,511271,5844357,0.0875,,
Missouri,2018,05 May,Spirits,472771,5056750,0.0935,,
North Dakota,2018,05 May,Spirits,73532,615077,0.1195,,
Texas,2018,05 May,Spirits,1260304,22899863,0.055,,
Virginia,2018,05 May,Spirits,414123,7056421,0.0587,,
Wisconsin,2018,05 May,Spirits,579947,4829270,0.1201,,
Alaska,2018,05 May,Wine,29332,590760,0.0497,,
Arkansas,2018,05 May,Wine,49846,2465297,0.0202,,
Colorado,2018,05 May,Wine,208957,4715895,0.0443,,
Connecticut,2018,05 May,Wine,157170,3019150,0.0521,,
Florida,2018,05 May,Wine,808772,17980787,0.045,,
Illinois,2018,05 May,Wine,443319,10533371,0.0421,,
Kentucky,2018,05 May,Wine,70075,3681254,0.019,,
Louisiana,2018,05 May,Wine,111727,3803169,0.0294,,
Massachusetts,2018,05 May,Wine,336487,5844357,0.0576,,
Missouri,2018,05 May,Wine,185444,5056750,0.0367,,
North Dakota,2018,05 May,Wine,15325,615077,0.0249,,
Oregon,2018,05 May,Wine,147592,3509161,0.0421,,
Texas,2018,05 May,Wine,579693,22899863,0.0253,,
Virginia,2018,05 May,Wine,309908,7056421,0.0439,,
Wisconsin,2018,05 May,Wine,159075,4829270,0.0329,,
Alaska,2018,05 May,Beer,66201,590760,0.1121,,
Arkansas,2018,05 May,Beer,187597,2465297,0.0761,,
Colorado,2018,05 May,Beer,512621,4715895,0.1087,,
Connecticut,2018,05 May,Beer,238154,3019150,0.0789,,
Florida,2018,05 May,Beer,1719218,17980787,0.0956,,
Illinois,2018,05 May,Beer,1218440,10533371,0.1157,,
Kansas,2018,05 May,Beer,190342,2364319,0.0805,,
Kentucky,2018,05 May,Beer,273489,3681254,0.0743,,
Massachusetts,2018,05 May,Beer,539107,5844357,0.0922,,
Missouri,2018,05 May,Beer,510829,5056750,0.10099999999999999,,
North Dakota,2018,05 May,Beer,90124,615077,0.1465,,
Oregon,2018,05 May,Beer,374295,3509161,0.1067,,
Texas,2018,05 May,Beer,2228984,22899863,0.0973,,
Virginia,2018,05 May,Beer,671952,7056421,0.0952,,
Alaska,2018,06 Jun,Spirits,73290,590760,0.1241,,
Arkansas,2018,06 Jun,Spirits,146683,2465297,0.0595,,
Colorado,2018,06 Jun,Spirits,593124,4715895,0.1258,,
Connecticut,2018,06 Jun,Spirits,298380,3019150,0.0988,,
Florida,2018,06 Jun,Spirits,1872797,17980787,0.1042,,
Illinois,2018,06 Jun,Spirits,945653,10533371,0.0898,,
Kansas,2018,06 Jun,Spirits,168734,2364319,0.0714,,
Kentucky,2018,06 Jun,Spirits,275082,3681254,0.0747,,
Louisiana,2018,06 Jun,Spirits,335988,3803169,0.0883,,
Massachusetts,2018,06 Jun,Spirits,775356,5844357,0.1327,,
Missouri,2018,06 Jun,Spirits,454407,5056750,0.0899,,
North Dakota,2018,06 Jun,Spirits,81424,615077,0.1324,,
Texas,2018,06 Jun,Spirits,1409959,22899863,0.0616,,
Virginia,2018,06 Jun,Spirits,411138,7056421,0.0583,,
Wisconsin,2018,06 Jun,Spirits,556155,4829270,0.1152,,
Alaska,2018,06 Jun,Wine,30818,590760,0.0522,,
Arkansas,2018,06 Jun,Wine,49811,2465297,0.0202,,
Colorado,2018,06 Jun,Wine,212610,4715895,0.0451,,
Connecticut,2018,06 Jun,Wine,158062,3019150,0.0524,,
Florida,2018,06 Jun,Wine,682137,17980787,0.0379,,
Illinois,2018,06 Jun,Wine,427060,10533371,0.0405,,
Kentucky,2018,06 Jun,Wine,76669,3681254,0.0208,,
Louisiana,2018,06 Jun,Wine,99802,3803169,0.0262,,
Massachusetts,2018,06 Jun,Wine,411362,5844357,0.0704,,
Missouri,2018,06 Jun,Wine,158957,5056750,0.0314,,
North Dakota,2018,06 Jun,Wine,14930,615077,0.0243,,
Oregon,2018,06 Jun,Wine,158248,3509161,0.0451,,
Texas,2018,06 Jun,Wine,679261,22899863,0.0297,,
Virginia,2018,06 Jun,Wine,285127,7056421,0.0404,,
Wisconsin,2018,06 Jun,Wine,174132,4829270,0.0361,,
Alaska,2018,06 Jun,Beer,68876,590760,0.1166,,
Arkansas,2018,06 Jun,Beer,196146,2465297,0.0796,,
Colorado,2018,06 Jun,Beer,546352,4715895,0.1159,,
Connecticut,2018,06 Jun,Beer,248665,3019150,0.0824,,
Florida,2018,06 Jun,Beer,1633520,17980787,0.0908,,
Illinois,2018,06 Jun,Beer,1139716,10533371,0.1082,,
Kansas,2018,06 Jun,Beer,226461,2364319,0.0958,,
Kentucky,2018,06 Jun,Beer,301800,3681254,0.08199999999999999,,
Massachusetts,2018,06 Jun,Beer,517534,5844357,0.0886,,
Missouri,2018,06 Jun,Beer,558323,5056750,0.1104,,
North Dakota,2018,06 Jun,Beer,111698,615077,0.1816,,
Oregon,2018,06 Jun,Beer,398961,3509161,0.1137,,
Texas,2018,06 Jun,Beer,2843558,22899863,0.1242,,
Virginia,2018,06 Jun,Beer,631407,7056421,0.0895,,
Alaska,2018,07 Jul,Spirits,72932,590760,0.1235,,
Arkansas,2018,07 Jul,Spirits,131967,2465297,0.0535,,
Colorado,2018,07 Jul,Spirits,444594,4715895,0.0943,,
Connecticut,2018,07 Jul,Spirits,263800,3019150,0.0874,,
Florida,2018,07 Jul,Spirits,1225551,17980787,0.0682,,
Illinois,2018,07 Jul,Spirits,634204,10533371,0.0602,,
Kansas,2018,07 Jul,Spirits,179989,2364319,0.0761,,
Kentucky,2018,07 Jul,Spirits,299499,3681254,0.0814,,
Louisiana,2018,07 Jul,Spirits,294178,3803169,0.0774,,
Massachusetts,2018,07 Jul,Spirits,367680,5844357,0.0629,,
Missouri,2018,07 Jul,Spirits,383758,5056750,0.0759,,
North Dakota,2018,07 Jul,Spirits,65932,615077,0.1072,,
Texas,2018,07 Jul,Spirits,1317201,22899863,0.0575,,
Virginia,2018,07 Jul,Spirits,396904,7056421,0.0562,,
Wisconsin,2018,07 Jul,Spirits,505476,4829270,0.1047,,
Alaska,2018,07 Jul,Wine,28536,590760,0.0483,,
Arkansas,2018,07 Jul,Wine,52807,2465297,0.0214,,
Colorado,2018,07 Jul,Wine,187976,4715895,0.0399,,
Connecticut,2018,07 Jul,Wine,147097,3019150,0.0487,,
Florida,2018,07 Jul,Wine,657749,17980787,0.0366,,
Illinois,2018,07 Jul,Wine,359585,10533371,0.0341,,
Kentucky,2018,07 Jul,Wine,65539,3681254,0.0178,,
Louisiana,2018,07 Jul,Wine,96918,3803169,0.0255,,
Massachusetts,2018,07 Jul,Wine,240917,5844357,0.0412,,
Missouri,2018,07 Jul,Wine,127233,5056750,0.0252,,
North Dakota,2018,07 Jul,Wine,15568,615077,0.0253,,
Oregon,2018,07 Jul,Wine,189248,3509161,0.0539,,
Texas,2018,07 Jul,Wine,645022,22899863,0.0282,,
Virginia,2018,07 Jul,Wine,278113,7056421,0.0394,,
Wisconsin,2018,07 Jul,Wine,159988,4829270,0.0331,,
Alaska,2018,07 Jul,Beer,70397,590760,0.1192,,
Arkansas,2018,07 Jul,Beer,202915,2465297,0.0823,,
Colorado,2018,07 Jul,Beer,508523,4715895,0.1078,,
Connecticut,2018,07 Jul,Beer,231096,3019150,0.0765,,
Florida,2018,07 Jul,Beer,1513410,17980787,0.0842,,
Illinois,2018,07 Jul,Beer,1030855,10533371,0.0979,,
Kansas,2018,07 Jul,Beer,245223,2364319,0.1037,,
Kentucky,2018,07 Jul,Beer,322188,3681254,0.0875,,
Massachusetts,2018,07 Jul,Beer,510276,5844357,0.0873,,
Missouri,2018,07 Jul,Beer,529865,5056750,0.1048,,
North Dakota,2018,07 Jul,Beer,86265,615077,0.1403,,
Oregon,2018,07 Jul,Beer,475655,3509161,0.1355,,
Texas,2018,07 Jul,Beer,2574407,22899863,0.1124,,
Virginia,2018,07 Jul,Beer,596582,7056421,0.0845,,
Alaska,2018,08 Aug,Spirits,73554,590760,0.1245,,
Arkansas,2018,08 Aug,Spirits,103846,2465297,0.0421,,
Colorado,2018,08 Aug,Spirits,520124,4715895,0.1103,,
Connecticut,2018,08 Aug,Spirits,226343,3019150,0.075,,
Florida,2018,08 Aug,Spirits,1396521,17980787,0.0777,,
Illinois,2018,08 Aug,Spirits,761748,10533371,0.0723,,
Kansas,2018,08 Aug,Spirits,136382,2364319,0.0577,,
Kentucky,2018,08 Aug,Spirits,216625,3681254,0.0588,,
Louisiana,2018,08 Aug,Spirits,317019,3803169,0.0834,,
Massachusetts,2018,08 Aug,Spirits,449660,5844357,0.0769,,
Missouri,2018,08 Aug,Spirits,477761,5056750,0.0945,,
North Dakota,2018,08 Aug,Spirits,70299,615077,0.1143,,
Texas,2018,08 Aug,Spirits,1399548,22899863,0.0611,,
Virginia,2018,08 Aug,Spirits,413930,7056421,0.0587,,
Wisconsin,2018,08 Aug,Spirits,565035,4829270,0.11699999999999999,,
Alaska,2018,08 Aug,Wine,33011,590760,0.0559,,
Arkansas,2018,08 Aug,Wine,38313,2465297,0.0155,,
Colorado,2018,08 Aug,Wine,234915,4715895,0.0498,,
Connecticut,2018,08 Aug,Wine,136854,3019150,0.0453,,
Florida,2018,08 Aug,Wine,747160,17980787,0.0416,,
Illinois,2018,08 Aug,Wine,420716,10533371,0.0399,,
Kentucky,2018,08 Aug,Wine,57382,3681254,0.0156,,
Louisiana,2018,08 Aug,Wine,110062,3803169,0.0289,,
Massachusetts,2018,08 Aug,Wine,307647,5844357,0.0526,,
Missouri,2018,08 Aug,Wine,181100,5056750,0.0358,,
North Dakota,2018,08 Aug,Wine,15005,615077,0.0244,,
Oregon,2018,08 Aug,Wine,165248,3509161,0.0471,,
Texas,2018,08 Aug,Wine,623198,22899863,0.0272,,
Virginia,2018,08 Aug,Wine,307335,7056421,0.0436,,
Wisconsin,2018,08 Aug,Wine,152020,4829270,0.0315,,
Alaska,2018,08 Aug,Beer,71110,590760,0.1204,,
Arkansas,2018,08 Aug,Beer,224585,2465297,0.0911,,
Colorado,2018,08 Aug,Beer,558900,4715895,0.1185,,
Connecticut,2018,08 Aug,Beer,251881,3019150,0.0834,,
Florida,2018,08 Aug,Beer,1714860,17980787,0.0954,,
Illinois,2018,08 Aug,Beer,1211993,10533371,0.1151,,
Kansas,2018,08 Aug,Beer,229238,2364319,0.09699999999999999,,
Kentucky,2018,08 Aug,Beer,309184,3681254,0.084,,
Massachusetts,2018,08 Aug,Beer,564273,5844357,0.0966,,
Missouri,2018,08 Aug,Beer,535268,5056750,0.1059,,
North Dakota,2018,08 Aug,Beer,79867,615077,0.1298,,
Oregon,2018,08 Aug,Beer,434370,3509161,0.1238,,
Texas,2018,08 Aug,Beer,2417560,22899863,0.1056,,
Virginia,2018,08 Aug,Beer,660295,7056421,0.0936,,
Alaska,2018,09 Sep,Spirits,55841,590760,0.0945,,
Arkansas,2018,09 Sep,Spirits,142126,2465297,0.0577,,
Colorado,2018,09 Sep,Spirits,431343,4715895,0.0915,,
Connecticut,2018,09 Sep,Spirits,220342,3019150,0.073,,
Florida,2018,09 Sep,Spirits,1227648,17980787,0.0683,,
Illinois,2018,09 Sep,Spirits,638557,10533371,0.0606,,
Kansas,2018,09 Sep,Spirits,156393,2364319,0.0661,,
Kentucky,2018,09 Sep,Spirits,268281,3681254,0.0729,,
Louisiana,2018,09 Sep,Spirits,262165,3803169,0.0689,,
Massachusetts,2018,09 Sep,Spirits,491021,5844357,0.084,,
Missouri,2018,09 Sep,Spirits,457744,5056750,0.0905,,
North Dakota,2018,09 Sep,Spirits,61627,615077,0.1002,,
Texas,2018,09 Sep,Spirits,1240433,22899863,0.0542,,
Virginia,2018,09 Sep,Spirits,450377,7056421,0.0638,,
Wisconsin,2018,09 Sep,Spirits,565569,4829270,0.1171,,
Alaska,2018,09 Sep,Wine,24427,590760,0.0413,,
Arkansas,2018,09 Sep,Wine,44833,2465297,0.0182,,
Colorado,2018,09 Sep,Wine,173930,4715895,0.0369,,
Connecticut,2018,09 Sep,Wine,130861,3019150,0.0433,,
Florida,2018,09 Sep,Wine,596902,17980787,0.0332,,
Illinois,2018,09 Sep,Wine,328185,10533371,0.0312,,
Kentucky,2018,09 Sep,Wine,75624,3681254,0.0205,,
Louisiana,2018,09 Sep,Wine,89939,3803169,0.0236,,
Massachusetts,2018,09 Sep,Wine,299353,5844357,0.0512,,
Missouri,2018,09 Sep,Wine,138183,5056750,0.0273,,
North Dakota,2018,09 Sep,Wine,13064,615077,0.0212,,
Oregon,2018,09 Sep,Wine,218829,3509161,0.0624,,
Texas,2018,09 Sep,Wine,670923,22899863,0.0293,,
Virginia,2018,09 Sep,Wine,251071,7056421,0.0356,,
Wisconsin,2018,09 Sep,Wine,157134,4829270,0.0325,,
Alaska,2018,09 Sep,Beer,48957,590760,0.0829,,
Arkansas,2018,09 Sep,Beer,215285,2465297,0.0873,,
Colorado,2018,09 Sep,Beer,445498,4715895,0.0945,,
Connecticut,2018,09 Sep,Beer,191612,3019150,0.0635,,
Florida,2018,09 Sep,Beer,1356526,17980787,0.0754,,
Illinois,2018,09 Sep,Beer,898731,10533371,0.0853,,
Kansas,2018,09 Sep,Beer,236687,2364319,0.1001,,
Kentucky,2018,09 Sep,Beer,342696,3681254,0.0931,,
Massachusetts,2018,09 Sep,Beer,432541,5844357,0.07400000000000001,,
Missouri,2018,09 Sep,Beer,463452,5056750,0.0917,,
North Dakota,2018,09 Sep,Beer,67776,615077,0.1102,,
Oregon,2018,09 Sep,Beer,415349,3509161,0.1184,,
Texas,2018,09 Sep,Beer,2697851,22899863,0.1178,,
Virginia,2018,09 Sep,Beer,522887,7056421,0.0741,,
Alaska,2018,10 Oct,Spirits,62690,590760,0.1061,,
Arkansas,2018,10 Oct,Spirits,122497,2465297,0.0497,,
Colorado,2018,10 Oct,Spirits,495193,4715895,0.105,,
Connecticut,2018,10 Oct,Spirits,329823,3019150,0.1092,,
Florida,2018,10 Oct,Spirits,1668680,17980787,0.0928,,
Illinois,2018,10 Oct,Spirits,838175,10533371,0.0796,,
Kansas,2018,10 Oct,Spirits,154929,2364319,0.0655,,
Kentucky,2018,10 Oct,Spirits,236191,3681254,0.0642,,
Louisiana,2018,10 Oct,Spirits,353217,3803169,0.0929,,
Massachusetts,2018,10 Oct,Spirits,513324,5844357,0.0878,,
Missouri,2018,10 Oct,Spirits,473321,5056750,0.0936,,
North Dakota,2018,10 Oct,Spirits,72506,615077,0.1179,,
Texas,2018,10 Oct,Spirits,1170894,22899863,0.0511,,
Virginia,2018,10 Oct,Spirits,397794,7056421,0.0564,,
Wisconsin,2018,10 Oct,Spirits,496812,4829270,0.1029,,
Alaska,2018,10 Oct,Wine,26160,590760,0.0443,,
Arkansas,2018,10 Oct,Wine,45954,2465297,0.0186,,
Colorado,2018,10 Oct,Wine,214525,4715895,0.0455,,
Connecticut,2018,10 Oct,Wine,177707,3019150,0.0589,,
Florida,2018,10 Oct,Wine,848551,17980787,0.0472,,
Illinois,2018,10 Oct,Wine,452557,10533371,0.043,,
Kentucky,2018,10 Oct,Wine,59837,3681254,0.0163,,
Louisiana,2018,10 Oct,Wine,116043,3803169,0.0305,,
Massachusetts,2018,10 Oct,Wine,319845,5844357,0.0547,,
Missouri,2018,10 Oct,Wine,202379,5056750,0.04,,
North Dakota,2018,10 Oct,Wine,18955,615077,0.0308,,
Oregon,2018,10 Oct,Wine,163560,3509161,0.0466,,
Texas,2018,10 Oct,Wine,561690,22899863,0.0245,,
Virginia,2018,10 Oct,Wine,302007,7056421,0.0428,,
Wisconsin,2018,10 Oct,Wine,142085,4829270,0.0294,,
Alaska,2018,10 Oct,Beer,48883,590760,0.0827,,
Arkansas,2018,10 Oct,Beer,180185,2465297,0.0731,,
Colorado,2018,10 Oct,Beer,422793,4715895,0.0897,,
Connecticut,2018,10 Oct,Beer,190046,3019150,0.0629,,
Florida,2018,10 Oct,Beer,1548321,17980787,0.0861,,
Illinois,2018,10 Oct,Beer,883372,10533371,0.0839,,
Kansas,2018,10 Oct,Beer,160259,2364319,0.0678,,
Kentucky,2018,10 Oct,Beer,256409,3681254,0.0697,,
Massachusetts,2018,10 Oct,Beer,440929,5844357,0.0754,,
Missouri,2018,10 Oct,Beer,464291,5056750,0.0918,,
North Dakota,2018,10 Oct,Beer,71795,615077,0.1167,,
Oregon,2018,10 Oct,Beer,360942,3509161,0.1029,,
Texas,2018,10 Oct,Beer,2107030,22899863,0.092,,
Virginia,2018,10 Oct,Beer,562327,7056421,0.0797,,
Alaska,2018,11 Nov,Spirits,63745,590760,0.1079,,
Arkansas,2018,11 Nov,Spirits,147314,2465297,0.0598,,
Colorado,2018,11 Nov,Spirits,513954,4715895,0.109,,
Connecticut,2018,11 Nov,Spirits,293870,3019150,0.0973,,
Florida,2018,11 Nov,Spirits,1672826,17980787,0.09300000000000001,,
Illinois,2018,11 Nov,Spirits,795840,10533371,0.0756,,
Kansas,2018,11 Nov,Spirits,184658,2364319,0.0781,,
Kentucky,2018,11 Nov,Spirits,294548,3681254,0.08,,
Louisiana,2018,11 Nov,Spirits,348485,3803169,0.0916,,
Massachusetts,2018,11 Nov,Spirits,520530,5844357,0.0891,,
Missouri,2018,11 Nov,Spirits,493781,5056750,0.0976,,
North Dakota,2018,11 Nov,Spirits,68440,615077,0.1113,,
Texas,2018,11 Nov,Spirits,1451523,22899863,0.0634,,
Virginia,2018,11 Nov,Spirits,450377,7056421,0.0638,,
Wisconsin,2018,11 Nov,Spirits,610052,4829270,0.1263,,
Alaska,2018,11 Nov,Wine,27759,590760,0.047,,
Arkansas,2018,11 Nov,Wine,46433,2465297,0.0188,,
Colorado,2018,11 Nov,Wine,233078,4715895,0.0494,,
Connecticut,2018,11 Nov,Wine,179438,3019150,0.0594,,
Florida,2018,11 Nov,Wine,903332,17980787,0.0502,,
Illinois,2018,11 Nov,Wine,461662,10533371,0.0438,,
Kentucky,2018,11 Nov,Wine,73424,3681254,0.0199,,
Louisiana,2018,11 Nov,Wine,123481,3803169,0.0325,,
Massachusetts,2018,11 Nov,Wine,357793,5844357,0.0612,,
Missouri,2018,11 Nov,Wine,173187,5056750,0.0342,,
North Dakota,2018,11 Nov,Wine,23580,615077,0.0383,,
Oregon,2018,11 Nov,Wine,176499,3509161,0.0503,,
Texas,2018,11 Nov,Wine,686690,22899863,0.03,,
Virginia,2018,11 Nov,Wine,342536,7056421,0.0485,,
Wisconsin,2018,11 Nov,Wine,183456,4829270,0.038,,
Alaska,2018,11 Nov,Beer,43811,590760,0.0742,,
Arkansas,2018,11 Nov,Beer,197120,2465297,0.08,,
Colorado,2018,11 Nov,Beer,417940,4715895,0.0886,,
Connecticut,2018,11 Nov,Beer,182726,3019150,0.0605,,
Florida,2018,11 Nov,Beer,1650676,17980787,0.0918,,
Illinois,2018,11 Nov,Beer,892216,10533371,0.0847,,
Kansas,2018,11 Nov,Beer,191461,2364319,0.081,,
Kentucky,2018,11 Nov,Beer,227750,3681254,0.0619,,
Massachusetts,2018,11 Nov,Beer,358489,5844357,0.0613,,
Missouri,2018,11 Nov,Beer,418029,5056750,0.0827,,
North Dakota,2018,11 Nov,Beer,65959,615077,0.1072,,
Oregon,2018,11 Nov,Beer,332333,3509161,0.0947,,
Texas,2018,11 Nov,Beer,2282593,22899863,0.0997,,
Virginia,2018,11 Nov,Beer,542676,7056421,0.0769,,
Alaska,2018,12 Dec,Spirits,68120,590760,0.1153,,
Arkansas,2018,12 Dec,Spirits,141773,2465297,0.0575,,
Colorado,2018,12 Dec,Spirits,666649,4715895,0.1414,,
Connecticut,2018,12 Dec,Spirits,252690,3019150,0.0837,,
Florida,2018,12 Dec,Spirits,2232884,17980787,0.1242,,
Illinois,2018,12 Dec,Spirits,1091330,10533371,0.1036,,
Kansas,2018,12 Dec,Spirits,202666,2364319,0.0857,,
Kentucky,2018,12 Dec,Spirits,152546,3681254,0.0414,,
Louisiana,2018,12 Dec,Spirits,306103,3803169,0.0805,,
Massachusetts,2018,12 Dec,Spirits,706108,5844357,0.1208,,
Missouri,2018,12 Dec,Spirits,428880,5056750,0.0848,,
North Dakota,2018,12 Dec,Spirits,89422,615077,0.1454,,
Texas,2018,12 Dec,Spirits,1530749,22899863,0.0668,,
Virginia,2018,12 Dec,Spirits,538269,7056421,0.0763,,
Wisconsin,2018,12 Dec,Spirits,419857,4829270,0.0869,,
Alaska,2018,12 Dec,Wine,29058,590760,0.0492,,
Arkansas,2018,12 Dec,Wine,53967,2465297,0.0219,,
Colorado,2018,12 Dec,Wine,256549,4715895,0.0544,,
Connecticut,2018,12 Dec,Wine,171703,3019150,0.0569,,
Florida,2018,12 Dec,Wine,924553,17980787,0.0514,,
Illinois,2018,12 Dec,Wine,515275,10533371,0.0489,,
Kentucky,2018,12 Dec,Wine,43987,3681254,0.0119,,
Louisiana,2018,12 Dec,Wine,121533,3803169,0.032,,
Massachusetts,2018,12 Dec,Wine,436148,5844357,0.0746,,
Missouri,2018,12 Dec,Wine,169058,5056750,0.0334,,
North Dakota,2018,12 Dec,Wine,26781,615077,0.0435,,
Oregon,2018,12 Dec,Wine,186779,3509161,0.0532,,
Texas,2018,12 Dec,Wine,727084,22899863,0.0318,,
Virginia,2018,12 Dec,Wine,340924,7056421,0.0483,,
Wisconsin,2018,12 Dec,Wine,168941,4829270,0.035,,
Alaska,2018,12 Dec,Beer,43674,590760,0.0739,,
Arkansas,2018,12 Dec,Beer,163161,2465297,0.0662,,
Colorado,2018,12 Dec,Beer,414575,4715895,0.0879,,
Connecticut,2018,12 Dec,Beer,194485,3019150,0.0644,,
Florida,2018,12 Dec,Beer,1601217,17980787,0.0891,,
Illinois,2018,12 Dec,Beer,932724,10533371,0.0885,,
Kansas,2018,12 Dec,Beer,162409,2364319,0.0687,,
Kentucky,2018,12 Dec,Beer,400536,3681254,0.1088,,
Massachusetts,2018,12 Dec,Beer,373428,5844357,0.0639,,
Missouri,2018,12 Dec,Beer,397930,5056750,0.0787,,
North Dakota,2018,12 Dec,Beer,67512,615077,0.1098,,
Oregon,2018,12 Dec,Beer,299804,3509161,0.0854,,
Texas,2018,12 Dec,Beer,2259871,22899863,0.0987,,
Virginia,2018,12 Dec,Beer,521033,7056421,0.0738,,
Alaska,2019,01 Jan,Spirits,46375,589481,0.0787,,
Arkansas,2019,01 Jan,Spirits,143719,2476087,0.057999999999999996,,
Colorado,2019,01 Jan,Spirits,365585,4789291,0.0763,,
Connecticut,2019,01 Jan,Spirits,252690,3019188,0.0837,,
Florida,2019,01 Jan,Spirits,1348697,18207522,0.0741,,
Illinois,2019,01 Jan,Spirits,461071,10512479,0.0439,,
Kansas,2019,01 Jan,Spirits,166160,2371396,0.0701,,
Kentucky,2019,01 Jan,Spirits,457488,3691561,0.1239,,
Louisiana,2019,01 Jan,Spirits,239780,3799736,0.0631,,
Massachusetts,2019,01 Jan,Spirits,294265,5862386,0.0502,,
Missouri,2019,01 Jan,Spirits,343266,5077875,0.0676,,
North Dakota,2019,01 Jan,Spirits,53309,617880,0.0863,,
Texas,2019,01 Jan,Spirits,1776694,23257363,0.0764,,
Virginia,2019,01 Jan,Spirits,358265,7094962,0.0505,,
Wisconsin,2019,01 Jan,Spirits,608262,4851640,0.1254,,
Alaska,2019,01 Jan,Wine,19064,589481,0.0323,,
Arkansas,2019,01 Jan,Wine,46574,2476087,0.0188,,
Colorado,2019,01 Jan,Wine,163185,4789291,0.0341,,
Connecticut,2019,01 Jan,Wine,171703,3019188,0.0569,,
Florida,2019,01 Jan,Wine,819403,18207522,0.045,,
Illinois,2019,01 Jan,Wine,272966,10512479,0.026000000000000002,,
Kentucky,2019,01 Jan,Wine,123374,3691561,0.0334,,
Louisiana,2019,01 Jan,Wine,83765,3799736,0.022000000000000002,,
Massachusetts,2019,01 Jan,Wine,182800,5862386,0.0312,,
Missouri,2019,01 Jan,Wine,166624,5077875,0.0328,,
North Dakota,2019,01 Jan,Wine,12441,617880,0.0201,,
Oregon,2019,01 Jan,Wine,195813,3547474,0.0552,,
Texas,2019,01 Jan,Wine,768781,23257363,0.0331,,
Virginia,2019,01 Jan,Wine,270483,7094962,0.0381,,
Wisconsin,2019,01 Jan,Wine,161231,4851640,0.0332,,
Alaska,2019,01 Jan,Beer,39296,589481,0.0667,,
Arkansas,2019,01 Jan,Beer,116472,2476087,0.047,,
Colorado,2019,01 Jan,Beer,444159,4789291,0.0927,,
Connecticut,2019,01 Jan,Beer,194485,3019188,0.0644,,
Florida,2019,01 Jan,Beer,1464090,18207522,0.0804,,
Illinois,2019,01 Jan,Beer,704294,10512479,0.067,,
Kansas,2019,01 Jan,Beer,164025,2371396,0.0692,,
Kentucky,2019,01 Jan,Beer,222807,3691561,0.0604,,
Massachusetts,2019,01 Jan,Beer,385288,5862386,0.0657,,
Missouri,2019,01 Jan,Beer,383754,5077875,0.0756,,
North Dakota,2019,01 Jan,Beer,71521,617880,0.1158,,
Oregon,2019,01 Jan,Beer,306465,3547474,0.0864,,
Texas,2019,01 Jan,Beer,2317403,23257363,0.0996,,
Virginia,2019,01 Jan,Beer,487984,7094962,0.0688,,
Alaska,2019,02 Feb,Spirits,49934,589481,0.0847,,
Arkansas,2019,02 Feb,Spirits,121047,2476087,0.0489,,
Colorado,2019,02 Feb,Spirits,408740,4789291,0.0853,,
Connecticut,2019,02 Feb,Spirits,251946,3019188,0.0834,,
Florida,2019,02 Feb,Spirits,1433429,18207522,0.0787,,
Illinois,2019,02 Feb,Spirits,634484,10512479,0.0604,,
Kansas,2019,02 Feb,Spirits,153918,2371396,0.0649,,
Kentucky,2019,02 Feb,Spirits,198360,3691561,0.0537,,
Louisiana,2019,02 Feb,Spirits,257729,3799736,0.0678,,
Massachusetts,2019,02 Feb,Spirits,350637,5862386,0.0598,,
Missouri,2019,02 Feb,Spirits,375449,5077875,0.0739,,
North Dakota,2019,02 Feb,Spirits,62715,617880,0.1015,,
Texas,2019,02 Feb,Spirits,1371692,23257363,0.059000000000000004,,
Virginia,2019,02 Feb,Spirits,361980,7094962,0.051,,
Wisconsin,2019,02 Feb,Spirits,408271,4851640,0.0842,,
Alaska,2019,02 Feb,Wine,21549,589481,0.0366,,
Arkansas,2019,02 Feb,Wine,54572,2476087,0.022000000000000002,,
Colorado,2019,02 Feb,Wine,194764,4789291,0.0407,,
Connecticut,2019,02 Feb,Wine,125064,3019188,0.0414,,
Florida,2019,02 Feb,Wine,819451,18207522,0.045,,
Illinois,2019,02 Feb,Wine,355060,10512479,0.0338,,
Kentucky,2019,02 Feb,Wine,56040,3691561,0.0152,,
Louisiana,2019,02 Feb,Wine,95026,3799736,0.025,,
Massachusetts,2019,02 Feb,Wine,239497,5862386,0.0409,,
Missouri,2019,02 Feb,Wine,142300,5077875,0.027999999999999997,,
North Dakota,2019,02 Feb,Wine,13197,617880,0.0214,,
Oregon,2019,02 Feb,Wine,148140,3547474,0.0418,,
Texas,2019,02 Feb,Wine,581968,23257363,0.025,,
Virginia,2019,02 Feb,Wine,257685,7094962,0.0363,,
Wisconsin,2019,02 Feb,Wine,153921,4851640,0.0317,,
Alaska,2019,02 Feb,Beer,35928,589481,0.0609,,
Arkansas,2019,02 Feb,Beer,169511,2476087,0.0685,,
Colorado,2019,02 Feb,Beer,354141,4789291,0.0739,,
Connecticut,2019,02 Feb,Beer,146445,3019188,0.0485,,
Florida,2019,02 Feb,Beer,1430314,18207522,0.0786,,
Illinois,2019,02 Feb,Beer,731374,10512479,0.0696,,
Kansas,2019,02 Feb,Beer,181808,2371396,0.0767,,
Kentucky,2019,02 Feb,Beer,114295,3691561,0.031,,
Massachusetts,2019,02 Feb,Beer,340307,5862386,0.057999999999999996,,
Missouri,2019,02 Feb,Beer,173980,5077875,0.0343,,
North Dakota,2019,02 Feb,Beer,56110,617880,0.0908,,
Oregon,2019,02 Feb,Beer,292047,3547474,0.0823,,
Texas,2019,02 Feb,Beer,1965981,23257363,0.0845,,
Virginia,2019,02 Feb,Beer,434430,7094962,0.0612,,
Alaska,2019,03 Mar,Spirits,60900,589481,0.1033,,
Arkansas,2019,03 Mar,Spirits,142334,2476087,0.0575,,
Colorado,2019,03 Mar,Spirits,484692,4789291,0.1012,,
Connecticut,2019,03 Mar,Spirits,229812,3019188,0.0761,,
Florida,2019,03 Mar,Spirits,1875541,18207522,0.10300000000000001,,
Illinois,2019,03 Mar,Spirits,715210,10512479,0.068,,
Kansas,2019,03 Mar,Spirits,142960,2371396,0.0603,,
Kentucky,2019,03 Mar,Spirits,216031,3691561,0.0585,,
Louisiana,2019,03 Mar,Spirits,263867,3799736,0.0694,,
Massachusetts,2019,03 Mar,Spirits,451031,5862386,0.0769,,
Missouri,2019,03 Mar,Spirits,438535,5077875,0.0864,,
North Dakota,2019,03 Mar,Spirits,63494,617880,0.1028,,
Texas,2019,03 Mar,Spirits,1231361,23257363,0.0529,,
Virginia,2019,03 Mar,Spirits,413413,7094962,0.0583,,
Wisconsin,2019,03 Mar,Spirits,450865,4851640,0.0929,,
Alaska,2019,03 Mar,Wine,23356,589481,0.0396,,
Arkansas,2019,03 Mar,Wine,45884,2476087,0.0185,,
Colorado,2019,03 Mar,Wine,188030,4789291,0.0393,,
Connecticut,2019,03 Mar,Wine,143239,3019188,0.0474,,
Florida,2019,03 Mar,Wine,825764,18207522,0.0454,,
Illinois,2019,03 Mar,Wine,353356,10512479,0.0336,,
Kentucky,2019,03 Mar,Wine,60431,3691561,0.0164,,
Louisiana,2019,03 Mar,Wine,85856,3799736,0.0226,,
Massachusetts,2019,03 Mar,Wine,254419,5862386,0.0434,,
Missouri,2019,03 Mar,Wine,157173,5077875,0.031,,
North Dakota,2019,03 Mar,Wine,14730,617880,0.0238,,
Oregon,2019,03 Mar,Wine,103744,3547474,0.0292,,
Texas,2019,03 Mar,Wine,591739,23257363,0.0254,,
Virginia,2019,03 Mar,Wine,261211,7094962,0.0368,,
Wisconsin,2019,03 Mar,Wine,116555,4851640,0.024,,
Alaska,2019,03 Mar,Beer,44638,589481,0.0757,,
Arkansas,2019,03 Mar,Beer,150820,2476087,0.0609,,
Colorado,2019,03 Mar,Beer,411489,4789291,0.0859,,
Connecticut,2019,03 Mar,Beer,175885,3019188,0.0583,,
Florida,2019,03 Mar,Beer,1725195,18207522,0.0948,,
Illinois,2019,03 Mar,Beer,831161,10512479,0.0791,,
Kansas,2019,03 Mar,Beer,143606,2371396,0.0606,,
Kentucky,2019,03 Mar,Beer,243751,3691561,0.066,,
Massachusetts,2019,03 Mar,Beer,413465,5862386,0.0705,,
Missouri,2019,03 Mar,Beer,695256,5077875,0.1369,,
North Dakota,2019,03 Mar,Beer,74180,617880,0.1201,,
Oregon,2019,03 Mar,Beer,293098,3547474,0.0826,,
Texas,2019,03 Mar,Beer,1839722,23257363,0.0791,,
Virginia,2019,03 Mar,Beer,498475,7094962,0.0703,,
Alaska,2019,04 Apr,Spirits,55268,589481,0.0938,,
Arkansas,2019,04 Apr,Spirits,160618,2476087,0.0649,,
Colorado,2019,04 Apr,Spirits,443880,4789291,0.0927,,
Connecticut,2019,04 Apr,Spirits,254701,3019188,0.0844,,
Florida,2019,04 Apr,Spirits,1636061,18207522,0.0899,,
Illinois,2019,04 Apr,Spirits,725139,10512479,0.069,,
Kansas,2019,04 Apr,Spirits,157033,2371396,0.0662,,
Kentucky,2019,04 Apr,Spirits,265682,3691561,0.07200000000000001,,
Louisiana,2019,04 Apr,Spirits,327974,3799736,0.0863,,
Massachusetts,2019,04 Apr,Spirits,444597,5862386,0.0758,,
Missouri,2019,04 Apr,Spirits,483353,5077875,0.0952,,
North Dakota,2019,04 Apr,Spirits,67105,617880,0.1086,,
Texas,2019,04 Apr,Spirits,1274917,23257363,0.0548,,
Virginia,2019,04 Apr,Spirits,394111,7094962,0.0555,,
Wisconsin,2019,04 Apr,Spirits,395346,4851640,0.0815,,
Alaska,2019,04 Apr,Wine,23618,589481,0.0401,,
Arkansas,2019,04 Apr,Wine,52904,2476087,0.0214,,
Colorado,2019,04 Apr,Wine,183128,4789291,0.0382,,
Connecticut,2019,04 Apr,Wine,140983,3019188,0.0467,,
Florida,2019,04 Apr,Wine,825742,18207522,0.0454,,
Illinois,2019,04 Apr,Wine,388191,10512479,0.0369,,
Kentucky,2019,04 Apr,Wine,57272,3691561,0.0155,,
Louisiana,2019,04 Apr,Wine,106950,3799736,0.0281,,
Massachusetts,2019,04 Apr,Wine,282571,5862386,0.0482,,
Missouri,2019,04 Apr,Wine,147693,5077875,0.0291,,
North Dakota,2019,04 Apr,Wine,23036,617880,0.0373,,
Oregon,2019,04 Apr,Wine,232087,3547474,0.0654,,
Texas,2019,04 Apr,Wine,604070,23257363,0.026000000000000002,,
Virginia,2019,04 Apr,Wine,293252,7094962,0.0413,,
Wisconsin,2019,04 Apr,Wine,150979,4851640,0.0311,,
Alaska,2019,04 Apr,Beer,51214,589481,0.0869,,
Arkansas,2019,04 Apr,Beer,176747,2476087,0.0714,,
Colorado,2019,04 Apr,Beer,464585,4789291,0.09699999999999999,,
Connecticut,2019,04 Apr,Beer,194294,3019188,0.0644,,
Florida,2019,04 Apr,Beer,1643040,18207522,0.0902,,
Illinois,2019,04 Apr,Beer,919214,10512479,0.0874,,
Kansas,2019,04 Apr,Beer,215579,2371396,0.0909,,
Kentucky,2019,04 Apr,Beer,298141,3691561,0.0808,,
Massachusetts,2019,04 Apr,Beer,478989,5862386,0.0817,,
Missouri,2019,04 Apr,Beer,485288,5077875,0.0956,,
North Dakota,2019,04 Apr,Beer,84014,617880,0.136,,
Oregon,2019,04 Apr,Beer,329985,3547474,0.09300000000000001,,
Texas,2019,04 Apr,Beer,2236446,23257363,0.0962,,
Virginia,2019,04 Apr,Beer,570960,7094962,0.0805,,
Alaska,2019,05 May,Spirits,76844,589481,0.1304,,
Arkansas,2019,05 May,Spirits,130988,2476087,0.0529,,
Colorado,2019,05 May,Spirits,284741,4789291,0.0595,,
Connecticut,2019,05 May,Spirits,280678,3019188,0.09300000000000001,,
Florida,2019,05 May,Spirits,1633806,18207522,0.0897,,
Illinois,2019,05 May,Spirits,829945,10512479,0.0789,,
Kansas,2019,05 May,Spirits,177983,2371396,0.0751,,
Kentucky,2019,05 May,Spirits,282910,3691561,0.0766,,
Louisiana,2019,05 May,Spirits,357857,3799736,0.0942,,
Massachusetts,2019,05 May,Spirits,580322,5862386,0.099,,
Missouri,2019,05 May,Spirits,510654,5077875,0.1006,,
North Dakota,2019,05 May,Spirits,70153,617880,0.1135,,
Texas,2019,05 May,Spirits,1523221,23257363,0.0655,,
Virginia,2019,05 May,Spirits,443046,7094962,0.0624,,
Wisconsin,2019,05 May,Spirits,494061,4851640,0.1018,,
Alaska,2019,05 May,Wine,29427,589481,0.0499,,
Arkansas,2019,05 May,Wine,53853,2476087,0.0217,,
Colorado,2019,05 May,Wine,146093,4789291,0.0305,,
Connecticut,2019,05 May,Wine,150565,3019188,0.0499,,
Florida,2019,05 May,Wine,754917,18207522,0.0415,,
Illinois,2019,05 May,Wine,421464,10512479,0.0401,,
Kentucky,2019,05 May,Wine,70605,3691561,0.0191,,
Louisiana,2019,05 May,Wine,112680,3799736,0.0297,,
Massachusetts,2019,05 May,Wine,335240,5862386,0.0572,,
Missouri,2019,05 May,Wine,176435,5077875,0.0347,,
North Dakota,2019,05 May,Wine,14910,617880,0.0241,,
Oregon,2019,05 May,Wine,165450,3547474,0.0466,,
Texas,2019,05 May,Wine,636862,23257363,0.0274,,
Virginia,2019,05 May,Wine,315072,7094962,0.0444,,
Wisconsin,2019,05 May,Wine,123430,4851640,0.0254,,
Alaska,2019,05 May,Beer,66696,589481,0.1131,,
Arkansas,2019,05 May,Beer,175198,2476087,0.0708,,
Colorado,2019,05 May,Beer,505670,4789291,0.1056,,
Connecticut,2019,05 May,Beer,231191,3019188,0.0766,,
Florida,2019,05 May,Beer,1795631,18207522,0.0986,,
Illinois,2019,05 May,Beer,1113209,10512479,0.1059,,
Kansas,2019,05 May,Beer,210334,2371396,0.0887,,
Kentucky,2019,05 May,Beer,308090,3691561,0.0835,,
Massachusetts,2019,05 May,Beer,552564,5862386,0.0943,,
Missouri,2019,05 May,Beer,532645,5077875,0.1049,,
North Dakota,2019,05 May,Beer,90003,617880,0.1457,,
Oregon,2019,05 May,Beer,393905,3547474,0.111,,
Texas,2019,05 May,Beer,2410456,23257363,0.1036,,
Virginia,2019,05 May,Beer,670576,7094962,0.0945,,
Alaska,2019,06 Jun,Spirits,70036,589481,0.1188,,
Arkansas,2019,06 Jun,Spirits,168156,2476087,0.0679,,
Colorado,2019,06 Jun,Spirits,599731,4789291,0.1252,,
Connecticut,2019,06 Jun,Spirits,283207,3019188,0.0938,,
Florida,2019,06 Jun,Spirits,1857997,18207522,0.102,,
Illinois,2019,06 Jun,Spirits,963302,10512479,0.0916,,
Kansas,2019,06 Jun,Spirits,183597,2371396,0.0774,,
Kentucky,2019,06 Jun,Spirits,270670,3691561,0.0733,,
Louisiana,2019,06 Jun,Spirits,319012,3799736,0.084,,
Massachusetts,2019,06 Jun,Spirits,706893,5862386,0.1206,,
Missouri,2019,06 Jun,Spirits,515320,5077875,0.1015,,
North Dakota,2019,06 Jun,Spirits,81812,617880,0.1324,,
Texas,2019,06 Jun,Spirits,1601362,23257363,0.0689,,
Virginia,2019,06 Jun,Spirits,419800,7094962,0.0592,,
Wisconsin,2019,06 Jun,Spirits,596975,4851640,0.12300000000000001,,
Alaska,2019,06 Jun,Wine,31062,589481,0.0527,,
Arkansas,2019,06 Jun,Wine,53494,2476087,0.0216,,
Colorado,2019,06 Jun,Wine,198273,4789291,0.0414,,
Connecticut,2019,06 Jun,Wine,153029,3019188,0.0507,,
Florida,2019,06 Jun,Wine,679827,18207522,0.0373,,
Illinois,2019,06 Jun,Wine,430018,10512479,0.0409,,
Kentucky,2019,06 Jun,Wine,67636,3691561,0.0183,,
Louisiana,2019,06 Jun,Wine,94542,3799736,0.0249,,
Massachusetts,2019,06 Jun,Wine,387174,5862386,0.066,,
Missouri,2019,06 Jun,Wine,152925,5077875,0.0301,,
North Dakota,2019,06 Jun,Wine,15537,617880,0.0251,,
Oregon,2019,06 Jun,Wine,105953,3547474,0.0299,,
Texas,2019,06 Jun,Wine,658975,23257363,0.0283,,
Virginia,2019,06 Jun,Wine,267297,7094962,0.0377,,
Wisconsin,2019,06 Jun,Wine,165393,4851640,0.0341,,
Alaska,2019,06 Jun,Beer,67704,589481,0.1149,,
Arkansas,2019,06 Jun,Beer,221077,2476087,0.0893,,
Colorado,2019,06 Jun,Beer,525699,4789291,0.1098,,
Connecticut,2019,06 Jun,Beer,227248,3019188,0.0753,,
Florida,2019,06 Jun,Beer,1566999,18207522,0.0861,,
Illinois,2019,06 Jun,Beer,1059736,10512479,0.1008,,
Kansas,2019,06 Jun,Beer,231590,2371396,0.0977,,
Kentucky,2019,06 Jun,Beer,238009,3691561,0.0645,,
Massachusetts,2019,06 Jun,Beer,510718,5862386,0.0871,,
Missouri,2019,06 Jun,Beer,497443,5077875,0.098,,
North Dakota,2019,06 Jun,Beer,93533,617880,0.1514,,
Oregon,2019,06 Jun,Beer,394097,3547474,0.1111,,
Texas,2019,06 Jun,Beer,2698772,23257363,0.11599999999999999,,
Virginia,2019,06 Jun,Beer,590770,7094962,0.0833,,
Alaska,2019,07 Jul,Spirits,77748,589481,0.1319,,
Arkansas,2019,07 Jul,Spirits,129611,2476087,0.0523,,
Colorado,2019,07 Jul,Spirits,470020,4789291,0.0981,,
Connecticut,2019,07 Jul,Spirits,272957,3019188,0.0904,,
Florida,2019,07 Jul,Spirits,1348207,18207522,0.07400000000000001,,
Illinois,2019,07 Jul,Spirits,651884,10512479,0.062,,
Kansas,2019,07 Jul,Spirits,130942,2371396,0.0552,,
Kentucky,2019,07 Jul,Spirits,315789,3691561,0.0855,,
Louisiana,2019,07 Jul,Spirits,312172,3799736,0.0822,,
Massachusetts,2019,07 Jul,Spirits,437669,5862386,0.0747,,
Missouri,2019,07 Jul,Spirits,444657,5077875,0.0876,,
North Dakota,2019,07 Jul,Spirits,71335,617880,0.1155,,
Texas,2019,07 Jul,Spirits,1322515,23257363,0.0569,,
Virginia,2019,07 Jul,Spirits,423424,7094962,0.0597,,
Wisconsin,2019,07 Jul,Spirits,643755,4851640,0.1327,,
Alaska,2019,07 Jul,Wine,31969,589481,0.0542,,
Arkansas,2019,07 Jul,Wine,49012,2476087,0.0198,,
Colorado,2019,07 Jul,Wine,202375,4789291,0.0423,,
Connecticut,2019,07 Jul,Wine,143362,3019188,0.0475,,
Florida,2019,07 Jul,Wine,642137,18207522,0.0353,,
Illinois,2019,07 Jul,Wine,371423,10512479,0.0353,,
Kentucky,2019,07 Jul,Wine,72031,3691561,0.0195,,
Louisiana,2019,07 Jul,Wine,101885,3799736,0.0268,,
Massachusetts,2019,07 Jul,Wine,249332,5862386,0.0425,,
Missouri,2019,07 Jul,Wine,138636,5077875,0.0273,,
North Dakota,2019,07 Jul,Wine,15007,617880,0.0243,,
Oregon,2019,07 Jul,Wine,193244,3547474,0.0545,,
Texas,2019,07 Jul,Wine,628923,23257363,0.027000000000000003,,
Virginia,2019,07 Jul,Wine,281795,7094962,0.0397,,
Wisconsin,2019,07 Jul,Wine,168503,4851640,0.0347,,
Alaska,2019,07 Jul,Beer,76791,589481,0.1303,,
Arkansas,2019,07 Jul,Beer,190735,2476087,0.077,,
Colorado,2019,07 Jul,Beer,539510,4789291,0.1126,,
Connecticut,2019,07 Jul,Beer,252228,3019188,0.0835,,
Florida,2019,07 Jul,Beer,1611943,18207522,0.0885,,
Illinois,2019,07 Jul,Beer,1127111,10512479,0.1072,,
Kansas,2019,07 Jul,Beer,226334,2371396,0.0954,,
Kentucky,2019,07 Jul,Beer,372029,3691561,0.1008,,
Massachusetts,2019,07 Jul,Beer,541016,5862386,0.0923,,
Missouri,2019,07 Jul,Beer,488277,5077875,0.0962,,
North Dakota,2019,07 Jul,Beer,93470,617880,0.1513,,
Oregon,2019,07 Jul,Beer,403963,3547474,0.1139,,
Texas,2019,07 Jul,Beer,2467091,23257363,0.1061,,
Virginia,2019,07 Jul,Beer,636358,7094962,0.0897,,
Alaska,2019,08 Aug,Spirits,70082,589481,0.1189,,
Arkansas,2019,08 Aug,Spirits,121852,2476087,0.0492,,
Colorado,2019,08 Aug,Spirits,517531,4789291,0.1081,,
Connecticut,2019,08 Aug,Spirits,237043,3019188,0.0785,,
Florida,2019,08 Aug,Spirits,1430736,18207522,0.0786,,
Illinois,2019,08 Aug,Spirits,746568,10512479,0.071,,
Kansas,2019,08 Aug,Spirits,139860,2371396,0.059000000000000004,,
Kentucky,2019,08 Aug,Spirits,254144,3691561,0.0688,,
Louisiana,2019,08 Aug,Spirits,323877,3799736,0.0852,,
Massachusetts,2019,08 Aug,Spirits,505767,5862386,0.0863,,
Missouri,2019,08 Aug,Spirits,419282,5077875,0.0826,,
North Dakota,2019,08 Aug,Spirits,72506,617880,0.1173,,
Texas,2019,08 Aug,Spirits,1510820,23257363,0.065,,
Virginia,2019,08 Aug,Spirits,438959,7094962,0.0619,,
Wisconsin,2019,08 Aug,Spirits,469790,4851640,0.0968,,
Alaska,2019,08 Aug,Wine,31219,589481,0.053,,
Arkansas,2019,08 Aug,Wine,42551,2476087,0.0172,,
Colorado,2019,08 Aug,Wine,198557,4789291,0.0415,,
Connecticut,2019,08 Aug,Wine,132489,3019188,0.0439,,
Florida,2019,08 Aug,Wine,703094,18207522,0.0386,,
Illinois,2019,08 Aug,Wine,385740,10512479,0.0367,,
Kentucky,2019,08 Aug,Wine,53377,3691561,0.0145,,
Louisiana,2019,08 Aug,Wine,103076,3799736,0.0271,,
Massachusetts,2019,08 Aug,Wine,292933,5862386,0.05,,
Missouri,2019,08 Aug,Wine,142792,5077875,0.0281,,
North Dakota,2019,08 Aug,Wine,14120,617880,0.0229,,
Oregon,2019,08 Aug,Wine,197369,3547474,0.0556,,
Texas,2019,08 Aug,Wine,626910,23257363,0.027000000000000003,,
Virginia,2019,08 Aug,Wine,286405,7094962,0.0404,,
Wisconsin,2019,08 Aug,Wine,174252,4851640,0.0359,,
Alaska,2019,08 Aug,Beer,70539,589481,0.1197,,
Arkansas,2019,08 Aug,Beer,197197,2476087,0.0796,,
Colorado,2019,08 Aug,Beer,566168,4789291,0.1182,,
Connecticut,2019,08 Aug,Beer,241012,3019188,0.0798,,
Florida,2019,08 Aug,Beer,1693331,18207522,0.09300000000000001,,
Illinois,2019,08 Aug,Beer,1158183,10512479,0.1102,,
Kansas,2019,08 Aug,Beer,223648,2371396,0.0943,,
Kentucky,2019,08 Aug,Beer,310418,3691561,0.0841,,
Massachusetts,2019,08 Aug,Beer,544983,5862386,0.09300000000000001,,
Missouri,2019,08 Aug,Beer,514321,5077875,0.1013,,
North Dakota,2019,08 Aug,Beer,81456,617880,0.1318,,
Oregon,2019,08 Aug,Beer,323527,3547474,0.0912,,
Texas,2019,08 Aug,Beer,2560469,23257363,0.1101,,
Virginia,2019,08 Aug,Beer,644758,7094962,0.0909,,
Alaska,2019,09 Sep,Spirits,59096,589481,0.1003,,
Arkansas,2019,09 Sep,Spirits,127033,2476087,0.0513,,
Colorado,2019,09 Sep,Spirits,454443,4789291,0.0949,,
Connecticut,2019,09 Sep,Spirits,257197,3019188,0.0852,,
Florida,2019,09 Sep,Spirits,1343622,18207522,0.0738,,
Illinois,2019,09 Sep,Spirits,723677,10512479,0.0688,,
Kansas,2019,09 Sep,Spirits,149008,2371396,0.0628,,
Kentucky,2019,09 Sep,Spirits,141255,3691561,0.0383,,
Louisiana,2019,09 Sep,Spirits,288178,3799736,0.0758,,
Massachusetts,2019,09 Sep,Spirits,460954,5862386,0.0786,,
Missouri,2019,09 Sep,Spirits,490388,5077875,0.0966,,
North Dakota,2019,09 Sep,Spirits,71351,617880,0.1155,,
Texas,2019,09 Sep,Spirits,1316911,23257363,0.0566,,
Virginia,2019,09 Sep,Spirits,392687,7094962,0.0553,,
Wisconsin,2019,09 Sep,Spirits,493355,4851640,0.1017,,
Alaska,2019,09 Sep,Wine,23588,589481,0.04,,
Arkansas,2019,09 Sep,Wine,41187,2476087,0.0166,,
Colorado,2019,09 Sep,Wine,171493,4789291,0.0358,,
Connecticut,2019,09 Sep,Wine,122302,3019188,0.0405,,
Florida,2019,09 Sep,Wine,616981,18207522,0.0339,,
Illinois,2019,09 Sep,Wine,363524,10512479,0.0346,,
Kentucky,2019,09 Sep,Wine,42904,3691561,0.0116,,
Louisiana,2019,09 Sep,Wine,92625,3799736,0.0244,,
Massachusetts,2019,09 Sep,Wine,280354,5862386,0.0478,,
Missouri,2019,09 Sep,Wine,146296,5077875,0.0288,,
North Dakota,2019,09 Sep,Wine,14273,617880,0.0231,,
Oregon,2019,09 Sep,Wine,180984,3547474,0.051,,
Texas,2019,09 Sep,Wine,643566,23257363,0.0277,,
Virginia,2019,09 Sep,Wine,267308,7094962,0.0377,,
Wisconsin,2019,09 Sep,Wine,152114,4851640,0.0314,,
Alaska,2019,09 Sep,Beer,47988,589481,0.0814,,
Arkansas,2019,09 Sep,Beer,199458,2476087,0.0806,,
Colorado,2019,09 Sep,Beer,475862,4789291,0.0994,,
Connecticut,2019,09 Sep,Beer,188063,3019188,0.0623,,
Florida,2019,09 Sep,Beer,1355827,18207522,0.0745,,
Illinois,2019,09 Sep,Beer,886170,10512479,0.0843,,
Kansas,2019,09 Sep,Beer,249469,2371396,0.1052,,
Kentucky,2019,09 Sep,Beer,218540,3691561,0.0592,,
Massachusetts,2019,09 Sep,Beer,412770,5862386,0.0704,,
Missouri,2019,09 Sep,Beer,467291,5077875,0.092,,
North Dakota,2019,09 Sep,Beer,71753,617880,0.1161,,
Oregon,2019,09 Sep,Beer,432152,3547474,0.1218,,
Texas,2019,09 Sep,Beer,2693362,23257363,0.1158,,
Virginia,2019,09 Sep,Beer,547184,7094962,0.0771,,
Alaska,2019,10 Oct,Spirits,62185,589481,0.1055,,
Arkansas,2019,10 Oct,Spirits,142600,2476087,0.0576,,
Colorado,2019,10 Oct,Spirits,520244,4789291,0.1086,,
Connecticut,2019,10 Oct,Spirits,315674,3019188,0.1046,,
Florida,2019,10 Oct,Spirits,1807521,18207522,0.0993,,
Illinois,2019,10 Oct,Spirits,852140,10512479,0.0811,,
Kansas,2019,10 Oct,Spirits,179878,2371396,0.0759,,
Kentucky,2019,10 Oct,Spirits,394610,3691561,0.1069,,
Louisiana,2019,10 Oct,Spirits,378550,3799736,0.0996,,
Massachusetts,2019,10 Oct,Spirits,647885,5862386,0.1105,,
Missouri,2019,10 Oct,Spirits,472996,5077875,0.0931,,
North Dakota,2019,10 Oct,Spirits,76242,617880,0.1234,,
Texas,2019,10 Oct,Spirits,1252118,23257363,0.0538,,
Virginia,2019,10 Oct,Spirits,426412,7094962,0.0601,,
Wisconsin,2019,10 Oct,Spirits,579318,4851640,0.1194,,
Alaska,2019,10 Oct,Wine,24592,589481,0.0417,,
Arkansas,2019,10 Oct,Wine,40566,2476087,0.0164,,
Colorado,2019,10 Oct,Wine,222357,4789291,0.0464,,
Connecticut,2019,10 Oct,Wine,176539,3019188,0.0585,,
Florida,2019,10 Oct,Wine,861522,18207522,0.0473,,
Illinois,2019,10 Oct,Wine,466298,10512479,0.0444,,
Kentucky,2019,10 Oct,Wine,88101,3691561,0.0239,,
Louisiana,2019,10 Oct,Wine,117680,3799736,0.031,,
Massachusetts,2019,10 Oct,Wine,342389,5862386,0.0584,,
Missouri,2019,10 Oct,Wine,184148,5077875,0.0363,,
North Dakota,2019,10 Oct,Wine,18255,617880,0.0295,,
Oregon,2019,10 Oct,Wine,182489,3547474,0.0514,,
Texas,2019,10 Oct,Wine,552957,23257363,0.0238,,
Virginia,2019,10 Oct,Wine,316894,7094962,0.0447,,
Wisconsin,2019,10 Oct,Wine,172803,4851640,0.0356,,
Alaska,2019,10 Oct,Beer,47804,589481,0.0811,,
Arkansas,2019,10 Oct,Beer,205787,2476087,0.0831,,
Colorado,2019,10 Oct,Beer,466317,4789291,0.0974,,
Connecticut,2019,10 Oct,Beer,195592,3019188,0.0648,,
Florida,2019,10 Oct,Beer,1654790,18207522,0.0909,,
Illinois,2019,10 Oct,Beer,938287,10512479,0.0893,,
Kansas,2019,10 Oct,Beer,193769,2371396,0.0817,,
Kentucky,2019,10 Oct,Beer,313791,3691561,0.085,,
Massachusetts,2019,10 Oct,Beer,360341,5862386,0.0615,,
Missouri,2019,10 Oct,Beer,457584,5077875,0.0901,,
North Dakota,2019,10 Oct,Beer,62336,617880,0.1009,,
Oregon,2019,10 Oct,Beer,337978,3547474,0.0953,,
Texas,2019,10 Oct,Beer,2209808,23257363,0.095,,
Virginia,2019,10 Oct,Beer,586718,7094962,0.0827,,
Alaska,2019,11 Nov,Spirits,56012,589481,0.095,,
Arkansas,2019,11 Nov,Spirits,183515,2476087,0.0741,,
Colorado,2019,11 Nov,Spirits,438208,4789291,0.0915,,
Connecticut,2019,11 Nov,Spirits,297353,3019188,0.0985,,
Florida,2019,11 Nov,Spirits,1741210,18207522,0.0956,,
Illinois,2019,11 Nov,Spirits,787673,10512479,0.0749,,
Kansas,2019,11 Nov,Spirits,192258,2371396,0.0811,,
Kentucky,2019,11 Nov,Spirits,303697,3691561,0.0823,,
Louisiana,2019,11 Nov,Spirits,345909,3799736,0.091,,
Massachusetts,2019,11 Nov,Spirits,479570,5862386,0.0818,,
Missouri,2019,11 Nov,Spirits,536684,5077875,0.1057,,
North Dakota,2019,11 Nov,Spirits,62840,617880,0.1017,,
Texas,2019,11 Nov,Spirits,1518519,23257363,0.0653,,
Virginia,2019,11 Nov,Spirits,481326,7094962,0.0678,,
Wisconsin,2019,11 Nov,Spirits,605955,4851640,0.1249,,
Alaska,2019,11 Nov,Wine,25264,589481,0.0429,,
Arkansas,2019,11 Nov,Wine,53608,2476087,0.0217,,
Colorado,2019,11 Nov,Wine,205497,4789291,0.0429,,
Connecticut,2019,11 Nov,Wine,177342,3019188,0.0587,,
Florida,2019,11 Nov,Wine,952212,18207522,0.0523,,
Illinois,2019,11 Nov,Wine,435762,10512479,0.0415,,
Kentucky,2019,11 Nov,Wine,74892,3691561,0.0203,,
Louisiana,2019,11 Nov,Wine,121305,3799736,0.0319,,
Massachusetts,2019,11 Nov,Wine,312366,5862386,0.0533,,
Missouri,2019,11 Nov,Wine,167768,5077875,0.033,,
North Dakota,2019,11 Nov,Wine,21765,617880,0.0352,,
Oregon,2019,11 Nov,Wine,150200,3547474,0.0423,,
Texas,2019,11 Nov,Wine,656519,23257363,0.0282,,
Virginia,2019,11 Nov,Wine,319904,7094962,0.0451,,
Wisconsin,2019,11 Nov,Wine,188741,4851640,0.0389,,
Alaska,2019,11 Nov,Beer,42866,589481,0.0727,,
Arkansas,2019,11 Nov,Beer,192113,2476087,0.0776,,
Colorado,2019,11 Nov,Beer,419697,4789291,0.0876,,
Connecticut,2019,11 Nov,Beer,183021,3019188,0.0606,,
Florida,2019,11 Nov,Beer,1557307,18207522,0.0855,,
Illinois,2019,11 Nov,Beer,859161,10512479,0.0817,,
Kansas,2019,11 Nov,Beer,201894,2371396,0.0851,,
Kentucky,2019,11 Nov,Beer,350040,3691561,0.0948,,
Massachusetts,2019,11 Nov,Beer,383451,5862386,0.0654,,
Missouri,2019,11 Nov,Beer,420943,5077875,0.0829,,
North Dakota,2019,11 Nov,Beer,68253,617880,0.1105,,
Oregon,2019,11 Nov,Beer,311962,3547474,0.0879,,
Texas,2019,11 Nov,Beer,2482509,23257363,0.1067,,
Virginia,2019,11 Nov,Beer,518639,7094962,0.0731,,
Alaska,2019,12 Dec,Spirits,66386,589481,0.1126,,
Arkansas,2019,12 Dec,Spirits,168261,2476087,0.068,,
Colorado,2019,12 Dec,Spirits,484117,4789291,0.1011,,
Connecticut,2019,12 Dec,Spirits,285178,3019188,0.0945,,
Florida,2019,12 Dec,Spirits,2394265,18207522,0.1315,,
Illinois,2019,12 Dec,Spirits,1107279,10512479,0.1053,,
Kansas,2019,12 Dec,Spirits,168627,2371396,0.0711,,
Kentucky,2019,12 Dec,Spirits,274656,3691561,0.0744,,
Louisiana,2019,12 Dec,Spirits,423955,3799736,0.1116,,
Massachusetts,2019,12 Dec,Spirits,753136,5862386,0.1285,,
Missouri,2019,12 Dec,Spirits,514530,5077875,0.1013,,
North Dakota,2019,12 Dec,Spirits,93379,617880,0.1511,,
Texas,2019,12 Dec,Spirits,1547600,23257363,0.0665,,
Virginia,2019,12 Dec,Spirits,549479,7094962,0.0774,,
Wisconsin,2019,12 Dec,Spirits,519293,4851640,0.107,,
Alaska,2019,12 Dec,Wine,27436,589481,0.0465,,
Arkansas,2019,12 Dec,Wine,49695,2476087,0.0201,,
Colorado,2019,12 Dec,Wine,193126,4789291,0.0403,,
Connecticut,2019,12 Dec,Wine,171714,3019188,0.0569,,
Florida,2019,12 Dec,Wine,957826,18207522,0.0526,,
Illinois,2019,12 Dec,Wine,551701,10512479,0.0525,,
Kentucky,2019,12 Dec,Wine,72609,3691561,0.0197,,
Louisiana,2019,12 Dec,Wine,141850,3799736,0.0373,,
Massachusetts,2019,12 Dec,Wine,440438,5862386,0.0751,,
Missouri,2019,12 Dec,Wine,174850,5077875,0.0344,,
North Dakota,2019,12 Dec,Wine,27278,617880,0.0441,,
Oregon,2019,12 Dec,Wine,174740,3547474,0.0493,,
Texas,2019,12 Dec,Wine,703307,23257363,0.0302,,
Virginia,2019,12 Dec,Wine,355691,7094962,0.0501,,
Wisconsin,2019,12 Dec,Wine,160161,4851640,0.033,,
Alaska,2019,12 Dec,Beer,43548,589481,0.0739,,
Arkansas,2019,12 Dec,Beer,156961,2476087,0.0634,,
Colorado,2019,12 Dec,Beer,427653,4789291,0.0893,,
Connecticut,2019,12 Dec,Beer,202486,3019188,0.0671,,
Florida,2019,12 Dec,Beer,1673678,18207522,0.0919,,
Illinois,2019,12 Dec,Beer,952960,10512479,0.0907,,
Kansas,2019,12 Dec,Beer,169854,2371396,0.0716,,
Kentucky,2019,12 Dec,Beer,259000,3691561,0.0702,,
Massachusetts,2019,12 Dec,Beer,405733,5862386,0.0692,,
Missouri,2019,12 Dec,Beer,429644,5077875,0.0846,,
North Dakota,2019,12 Dec,Beer,71188,617880,0.1152,,
Oregon,2019,12 Dec,Beer,307802,3547474,0.0868,,
Texas,2019,12 Dec,Beer,2192640,23257363,0.0943,,
Virginia,2019,12 Dec,Beer,544450,7094962,0.0767,,
Alaska,2020,01 Jan,Spirits,50095,589481,0.085,0.073,0.1643
Arkansas,2020,01 Jan,Spirits,133955,2476087,0.0541,0.0598,-0.0959
Colorado,2020,01 Jan,Spirits,368544,4789291,0.077,0.0709,0.0854
Connecticut,2020,01 Jan,Spirits,269886,3019188,0.0894,0.067,0.3332
Florida,2020,01 Jan,Spirits,1423536,18207522,0.0782,0.0692,0.1299
Illinois,2020,01 Jan,Spirits,528950,10512479,0.0503,0.0428,0.1746
Kansas,2020,01 Jan,Spirits,147040,2371396,0.062,0.0639,-0.0289
Kentucky,2020,01 Jan,Spirits,376194,3691561,0.1019,0.0989,0.0309
Louisiana,2020,01 Jan,Spirits,306242,3799736,0.0806,0.0693,0.1638
Massachusetts,2020,01 Jan,Spirits,318704,5862386,0.0544,0.0439,0.2377
Missouri,2020,01 Jan,Spirits,339394,5077875,0.0668,0.0582,0.1491
North Dakota,2020,01 Jan,Spirits,52687,617880,0.0853,0.0859,-0.0068
Texas,2020,01 Jan,Spirits,1913050,23257363,0.0823,0.0741,0.1105
Virginia,2020,01 Jan,Spirits,378039,7094962,0.0533,0.0487,0.0949
Wisconsin,2020,01 Jan,Spirits,618717,4851640,0.1275,0.12,0.0631
Alaska,2020,01 Jan,Wine,18485,589481,0.0314,0.0313,0.0004
Arkansas,2020,01 Jan,Wine,55650,2476087,0.0225,0.0222,0.0111
Colorado,2020,01 Jan,Wine,163095,4789291,0.0341,0.033,0.031
Connecticut,2020,01 Jan,Wine,171461,3019188,0.0568,0.0428,0.3274
Florida,2020,01 Jan,Wine,774290,18207522,0.0425,0.0434,-0.0202
Illinois,2020,01 Jan,Wine,303220,10512479,0.0288,0.0266,0.086
Kentucky,2020,01 Jan,Wine,94482,3691561,0.0256,0.0284,-0.0984
Louisiana,2020,01 Jan,Wine,101921,3799736,0.0268,0.0237,0.1309
Massachusetts,2020,01 Jan,Wine,189921,5862386,0.0324,0.031,0.0439
Missouri,2020,01 Jan,Wine,162587,5077875,0.032,0.0286,0.1183
North Dakota,2020,01 Jan,Wine,11672,617880,0.0189,0.0199,-0.0527
Oregon,2020,01 Jan,Wine,195733,3547474,0.0552,0.0527,0.0463
Texas,2020,01 Jan,Wine,815334,23257363,0.0351,0.0334,0.0488
Virginia,2020,01 Jan,Wine,263006,7094962,0.0371,0.0363,0.0214
Wisconsin,2020,01 Jan,Wine,167404,4851640,0.0345,0.0336,0.0266
Alaska,2020,01 Jan,Beer,39292,589481,0.0667,0.0638,0.0448
Arkansas,2020,01 Jan,Beer,137573,2476087,0.0556,0.0573,-0.0311
Colorado,2020,01 Jan,Beer,401144,4789291,0.0838,0.0835,0.0026
Connecticut,2020,01 Jan,Beer,193117,3019188,0.064,0.0559,0.1442
Florida,2020,01 Jan,Beer,1541712,18207522,0.0847,0.0781,0.0839
Illinois,2020,01 Jan,Beer,778366,10512479,0.07400000000000001,0.0682,0.0863
Kansas,2020,01 Jan,Beer,190078,2371396,0.0802,0.0718,0.1171
Kentucky,2020,01 Jan,Beer,246475,3691561,0.0668,0.0657,0.0156
Massachusetts,2020,01 Jan,Beer,395278,5862386,0.0674,0.065,0.037000000000000005
Missouri,2020,01 Jan,Beer,376158,5077875,0.0741,0.079,-0.0625
North Dakota,2020,01 Jan,Beer,72234,617880,0.1169,0.1138,0.0271
Oregon,2020,01 Jan,Beer,272988,3547474,0.077,0.0805,-0.0446
Texas,2020,01 Jan,Beer,2482631,23257363,0.1067,0.1009,0.0582
Virginia,2020,01 Jan,Beer,493631,7094962,0.0696,0.0669,0.0405
Alaska,2020,02 Feb,Spirits,51290,589481,0.087,0.0829,0.049
Arkansas,2020,02 Feb,Spirits,123075,2476087,0.0497,0.0453,0.0968
Colorado,2020,02 Feb,Spirits,418275,4789291,0.0873,0.0834,0.0471
Connecticut,2020,02 Feb,Spirits,255098,3019188,0.0845,0.0805,0.0496
Florida,2020,02 Feb,Spirits,1531115,18207522,0.0841,0.0783,0.0735
Illinois,2020,02 Feb,Spirits,654331,10512479,0.0622,0.0574,0.0837
Kansas,2020,02 Feb,Spirits,135840,2371396,0.0573,0.0586,-0.0221
Kentucky,2020,02 Feb,Spirits,198494,3691561,0.0538,0.045,0.1949
Louisiana,2020,02 Feb,Spirits,338789,3799736,0.0892,0.0733,0.2163
Massachusetts,2020,02 Feb,Spirits,379509,5862386,0.0647,0.0587,0.10300000000000001
Missouri,2020,02 Feb,Spirits,423234,5077875,0.0833,0.0752,0.1087
North Dakota,2020,02 Feb,Spirits,60399,617880,0.0978,0.0968,0.0101
Texas,2020,02 Feb,Spirits,1364960,23257363,0.0587,0.0561,0.0456
Virginia,2020,02 Feb,Spirits,397254,7094962,0.055999999999999994,0.0496,0.1281
Wisconsin,2020,02 Feb,Spirits,444990,4851640,0.0917,0.073,0.2561
Alaska,2020,02 Feb,Wine,23657,589481,0.0401,0.0366,0.0974
Arkansas,2020,02 Feb,Wine,45352,2476087,0.0183,0.0199,-0.0776
Colorado,2020,02 Feb,Wine,185554,4789291,0.0387,0.0409,-0.0523
Connecticut,2020,02 Feb,Wine,117996,3019188,0.0391,0.0439,-0.109
Florida,2020,02 Feb,Wine,898518,18207522,0.0493,0.0453,0.08900000000000001
Illinois,2020,02 Feb,Wine,342189,10512479,0.0326,0.0328,-0.008
Kentucky,2020,02 Feb,Wine,49299,3691561,0.0134,0.0129,0.0322
Louisiana,2020,02 Feb,Wine,108200,3799736,0.0285,0.0251,0.134
Massachusetts,2020,02 Feb,Wine,238602,5862386,0.0407,0.0427,-0.0463
Missouri,2020,02 Feb,Wine,135429,5077875,0.0267,0.0296,-0.099
North Dakota,2020,02 Feb,Wine,12508,617880,0.0202,0.0223,-0.0911
Oregon,2020,02 Feb,Wine,160589,3547474,0.0453,0.042,0.0772
Texas,2020,02 Feb,Wine,593730,23257363,0.0255,0.0271,-0.0589
Virginia,2020,02 Feb,Wine,258238,7094962,0.0364,0.0357,0.0196
Wisconsin,2020,02 Feb,Wine,131102,4851640,0.027000000000000003,0.0293,-0.0767
Alaska,2020,02 Feb,Beer,36320,589481,0.0616,0.062,-0.0065
Arkansas,2020,02 Feb,Beer,154463,2476087,0.0624,0.0624,-0.0007
Colorado,2020,02 Feb,Beer,352940,4789291,0.0737,0.0747,-0.013999999999999999
Connecticut,2020,02 Feb,Beer,148211,3019188,0.0491,0.0512,-0.0403
Florida,2020,02 Feb,Beer,1397338,18207522,0.0767,0.0798,-0.0382
Illinois,2020,02 Feb,Beer,653075,10512479,0.0621,0.0696,-0.1078
Kansas,2020,02 Feb,Beer,206563,2371396,0.0871,0.0751,0.1603
Kentucky,2020,02 Feb,Beer,253701,3691561,0.0687,0.0463,0.4853
Massachusetts,2020,02 Feb,Beer,360084,5862386,0.0614,0.0596,0.0298
Missouri,2020,02 Feb,Beer,391154,5077875,0.077,0.0646,0.1926
North Dakota,2020,02 Feb,Beer,63119,617880,0.1022,0.0991,0.0311
Oregon,2020,02 Feb,Beer,307897,3547474,0.0868,0.0865,0.0036
Texas,2020,02 Feb,Beer,2024152,23257363,0.087,0.0813,0.0706
Virginia,2020,02 Feb,Beer,424059,7094962,0.0598,0.0633,-0.0555
Alaska,2020,03 Mar,Spirits,73276,589481,0.1243,0.10099999999999999,0.2311
Arkansas,2020,03 Mar,Spirits,130426,2476087,0.0527,0.0525,0.0034
Colorado,2020,03 Mar,Spirits,563111,4789291,0.1176,0.1006,0.1684
Connecticut,2020,03 Mar,Spirits,259184,3019188,0.0858,0.0782,0.0983
Florida,2020,03 Mar,Spirits,2146372,18207522,0.1179,0.0993,0.1871
Illinois,2020,03 Mar,Spirits,755154,10512479,0.0718,0.0683,0.0517
Kansas,2020,03 Mar,Spirits,172643,2371396,0.0728,0.059000000000000004,0.2347
Kentucky,2020,03 Mar,Spirits,231610,3691561,0.0627,0.0636,-0.0134
Louisiana,2020,03 Mar,Spirits,329317,3799736,0.0867,0.0786,0.1028
Massachusetts,2020,03 Mar,Spirits,506475,5862386,0.0864,0.0818,0.0562
Missouri,2020,03 Mar,Spirits,530916,5077875,0.1046,0.0864,0.2095
North Dakota,2020,03 Mar,Spirits,83385,617880,0.135,0.1028,0.3128
Texas,2020,03 Mar,Spirits,1288178,23257363,0.0554,0.0501,0.1061
Virginia,2020,03 Mar,Spirits,496560,7094962,0.07,0.0573,0.2206
Wisconsin,2020,03 Mar,Spirits,398608,4851640,0.0822,0.0959,-0.1433
Alaska,2020,03 Mar,Wine,26087,589481,0.0443,0.0409,0.0808
Arkansas,2020,03 Mar,Wine,43576,2476087,0.0176,0.0163,0.0821
Colorado,2020,03 Mar,Wine,222628,4789291,0.0465,0.0405,0.1481
Connecticut,2020,03 Mar,Wine,162915,3019188,0.054000000000000006,0.051,0.0572
Florida,2020,03 Mar,Wine,938888,18207522,0.0516,0.0486,0.0619
Illinois,2020,03 Mar,Wine,408585,10512479,0.0389,0.0351,0.1087
Kentucky,2020,03 Mar,Wine,66694,3691561,0.0181,0.0143,0.263
Louisiana,2020,03 Mar,Wine,113658,3799736,0.0299,0.0264,0.1341
Massachusetts,2020,03 Mar,Wine,302288,5862386,0.0516,0.0515,0.0011
Missouri,2020,03 Mar,Wine,160152,5077875,0.0315,0.0322,-0.0209
North Dakota,2020,03 Mar,Wine,17478,617880,0.0283,0.0261,0.0839
Oregon,2020,03 Mar,Wine,122928,3547474,0.0347,0.0378,-0.0835
Texas,2020,03 Mar,Wine,602944,23257363,0.0259,0.0262,-0.0089
Virginia,2020,03 Mar,Wine,321274,7094962,0.0453,0.0389,0.1629
Wisconsin,2020,03 Mar,Wine,125126,4851640,0.0258,0.0263,-0.0208
Alaska,2020,03 Mar,Beer,48015,589481,0.0815,0.0797,0.0225
Arkansas,2020,03 Mar,Beer,145589,2476087,0.0588,0.0666,-0.1175
Colorado,2020,03 Mar,Beer,463734,4789291,0.0968,0.0894,0.0832
Connecticut,2020,03 Mar,Beer,182565,3019188,0.0605,0.0609,-0.0072
Florida,2020,03 Mar,Beer,1753257,18207522,0.0963,0.0991,-0.0287
Illinois,2020,03 Mar,Beer,857698,10512479,0.0816,0.0851,-0.0408
Kansas,2020,03 Mar,Beer,172777,2371396,0.0729,0.0657,0.1084
Kentucky,2020,03 Mar,Beer,262079,3691561,0.071,0.0724,-0.019
Massachusetts,2020,03 Mar,Beer,383511,5862386,0.0654,0.0743,-0.1195
Missouri,2020,03 Mar,Beer,456674,5077875,0.0899,0.1089,-0.1743
North Dakota,2020,03 Mar,Beer,72420,617880,0.1172,0.1184,-0.0101
Oregon,2020,03 Mar,Beer,210071,3547474,0.0592,0.0828,-0.2845
Texas,2020,03 Mar,Beer,1635992,23257363,0.0703,0.0818,-0.1397
Virginia,2020,03 Mar,Beer,546917,7094962,0.0771,0.0745,0.0346
Alaska,2020,04 Apr,Spirits,56477,589481,0.0958,0.0919,0.0424
Arkansas,2020,04 Apr,Spirits,146139,2476087,0.059000000000000004,0.0593,-0.0045
Colorado,2020,04 Apr,Spirits,487857,4789291,0.1019,0.0874,0.1652
Connecticut,2020,04 Apr,Spirits,221183,3019188,0.0733,0.0784,-0.066
Florida,2020,04 Apr,Spirits,1438027,18207522,0.079,0.0792,-0.0034
Illinois,2020,04 Apr,Spirits,663382,10512479,0.0631,0.0627,0.0069
Kansas,2020,04 Apr,Spirits,179460,2371396,0.0757,0.0656,0.1533
Kentucky,2020,04 Apr,Spirits,315002,3691561,0.0853,0.0721,0.184
Louisiana,2020,04 Apr,Spirits,320160,3799736,0.0843,0.0825,0.0208
Massachusetts,2020,04 Apr,Spirits,529555,5862386,0.0903,0.0755,0.1959
Missouri,2020,04 Apr,Spirits,495004,5077875,0.0975,0.08800000000000001,0.1074
North Dakota,2020,04 Apr,Spirits,65180,617880,0.1055,0.0995,0.0601
Texas,2020,04 Apr,Spirits,1519441,23257363,0.0653,0.0577,0.1316
Virginia,2020,04 Apr,Spirits,427915,7094962,0.0603,0.0535,0.1277
Wisconsin,2020,04 Apr,Spirits,534098,4851640,0.1101,0.0905,0.21600000000000003
Alaska,2020,04 Apr,Wine,22370,589481,0.0379,0.038,-0.0007
Arkansas,2020,04 Apr,Wine,54066,2476087,0.0218,0.0204,0.0719
Colorado,2020,04 Apr,Wine,185167,4789291,0.0387,0.038,0.018000000000000002
Connecticut,2020,04 Apr,Wine,128637,3019188,0.0426,0.0457,-0.0685
Florida,2020,04 Apr,Wine,755172,18207522,0.0415,0.0436,-0.0492
Illinois,2020,04 Apr,Wine,393602,10512479,0.0374,0.0345,0.0854
Kentucky,2020,04 Apr,Wine,75637,3691561,0.0205,0.0172,0.1942
Louisiana,2020,04 Apr,Wine,101758,3799736,0.0268,0.0271,-0.0115
Massachusetts,2020,04 Apr,Wine,309496,5862386,0.0528,0.0489,0.0799
Missouri,2020,04 Apr,Wine,165193,5077875,0.0325,0.0286,0.1376
North Dakota,2020,04 Apr,Wine,17235,617880,0.0279,0.0352,-0.2084
Oregon,2020,04 Apr,Wine,181577,3547474,0.0512,0.0565,-0.0939
Texas,2020,04 Apr,Wine,744306,23257363,0.032,0.0277,0.1541
Virginia,2020,04 Apr,Wine,306134,7094962,0.0431,0.0393,0.0991
Wisconsin,2020,04 Apr,Wine,177467,4851640,0.0366,0.0331,0.1062
Alaska,2020,04 Apr,Beer,46318,589481,0.0786,0.0828,-0.0509
Arkansas,2020,04 Apr,Beer,187381,2476087,0.0757,0.0749,0.0102
Colorado,2020,04 Apr,Beer,411066,4789291,0.0858,0.0908,-0.0551
Connecticut,2020,04 Apr,Beer,164406,3019188,0.0545,0.0633,-0.1398
Florida,2020,04 Apr,Beer,1429488,18207522,0.0785,0.0889,-0.1172
Illinois,2020,04 Apr,Beer,819741,10512479,0.078,0.0845,-0.0777
Kansas,2020,04 Apr,Beer,183760,2371396,0.0775,0.0901,-0.1397
Kentucky,2020,04 Apr,Beer,278550,3691561,0.0755,0.0809,-0.0672
Massachusetts,2020,04 Apr,Beer,420256,5862386,0.0717,0.0791,-0.0942
Missouri,2020,04 Apr,Beer,463318,5077875,0.0912,0.0955,-0.0447
North Dakota,2020,04 Apr,Beer,74846,617880,0.1211,0.1363,-0.1113
Oregon,2020,04 Apr,Beer,317276,3547474,0.0894,0.0984,-0.0912
Texas,2020,04 Apr,Beer,2608016,23257363,0.1121,0.1056,0.0617
Virginia,2020,04 Apr,Beer,551550,7094962,0.0777,0.0775,0.0033
Alaska,2020,05 May,Spirits,66926,589481,0.1135,0.1195,-0.0501
Arkansas,2020,05 May,Spirits,160008,2476087,0.0646,0.0531,0.2177
Colorado,2020,05 May,Spirits,520984,4789291,0.1088,0.0918,0.1851
Florida,2020,05 May,Spirits,1545339,18207522,0.0849,0.094,-0.0974
Illinois,2020,05 May,Spirits,769949,10512479,0.0732,0.0802,-0.0871
Kansas,2020,05 May,Spirits,145632,2371396,0.0614,0.0672,-0.0862
Kentucky,2020,05 May,Spirits,298661,3691561,0.0809,0.0706,0.1466
Louisiana,2020,05 May,Spirits,353603,3799736,0.0931,0.0914,0.0184
Massachusetts,2020,05 May,Spirits,539742,5862386,0.0921,0.092,0.0003
Missouri,2020,05 May,Spirits,500315,5077875,0.0985,0.0943,0.0453
North Dakota,2020,05 May,Spirits,70335,617880,0.1138,0.1174,-0.0307
Texas,2020,05 May,Spirits,1605685,23257363,0.069,0.06,0.1511
Virginia,2020,05 May,Spirits,490353,7094962,0.0691,0.0594,0.1632
Wisconsin,2020,05 May,Spirits,492915,4851640,0.1016,0.1044,-0.0269
Alaska,2020,05 May,Wine,24801,589481,0.0421,0.0495,-0.1506
Arkansas,2020,05 May,Wine,59386,2476087,0.024,0.0196,0.2212
Colorado,2020,05 May,Wine,185902,4789291,0.0388,0.0391,-0.0077
Florida,2020,05 May,Wine,705053,18207522,0.0387,0.0425,-0.0898
Illinois,2020,05 May,Wine,388939,10512479,0.037000000000000005,0.0404,-0.085
Kentucky,2020,05 May,Wine,76657,3691561,0.0208,0.0185,0.1204
Louisiana,2020,05 May,Wine,110201,3799736,0.028999999999999998,0.028999999999999998,-0.0005
Massachusetts,2020,05 May,Wine,298870,5862386,0.051,0.057,-0.1055
Missouri,2020,05 May,Wine,144330,5077875,0.0284,0.034,-0.1635
North Dakota,2020,05 May,Wine,14775,617880,0.0239,0.0249,-0.0398
Oregon,2020,05 May,Wine,165181,3547474,0.0466,0.0434,0.0734
Texas,2020,05 May,Wine,689362,23257363,0.0296,0.0263,0.1284
Virginia,2020,05 May,Wine,324662,7094962,0.0458,0.0434,0.0543
Wisconsin,2020,05 May,Wine,131978,4851640,0.0272,0.0291,-0.0654
Alaska,2020,05 May,Beer,59656,589481,0.1012,0.1119,-0.0958
Arkansas,2020,05 May,Beer,205235,2476087,0.0829,0.0758,0.0941
Colorado,2020,05 May,Beer,505188,4789291,0.1055,0.106,-0.005
Florida,2020,05 May,Beer,1681765,18207522,0.0924,0.0973,-0.0509
Illinois,2020,05 May,Beer,991072,10512479,0.0943,0.1096,-0.1395
Kansas,2020,05 May,Beer,215525,2371396,0.0909,0.0833,0.0911
Kentucky,2020,05 May,Beer,293553,3691561,0.0795,0.077,0.0322
Massachusetts,2020,05 May,Beer,364192,5862386,0.0621,0.0935,-0.3358
Missouri,2020,05 May,Beer,468559,5077875,0.0923,0.1048,-0.1193
North Dakota,2020,05 May,Beer,75065,617880,0.1215,0.1492,-0.1855
Oregon,2020,05 May,Beer,366271,3547474,0.1032,0.1037,-0.0047
Texas,2020,05 May,Beer,2369843,23257363,0.1019,0.0999,0.0197
Virginia,2020,05 May,Beer,606073,7094962,0.0854,0.0945,-0.0961
Alaska,2020,06 Jun,Spirits,67804,589481,0.115,0.1228,-0.0631
Arkansas,2020,06 Jun,Spirits,165750,2476087,0.0669,0.0608,0.1015
Florida,2020,06 Jun,Spirits,1980176,18207522,0.1088,0.1043,0.0425
Illinois,2020,06 Jun,Spirits,878915,10512479,0.0836,0.0911,-0.08199999999999999
Kansas,2020,06 Jun,Spirits,173307,2371396,0.0731,0.0716,0.0211
Kentucky,2020,06 Jun,Spirits,305597,3691561,0.0828,0.0736,0.1245
Louisiana,2020,06 Jun,Spirits,350700,3799736,0.0923,0.0887,0.0402
Massachusetts,2020,06 Jun,Spirits,839124,5862386,0.1431,0.1288,0.1114
Missouri,2020,06 Jun,Spirits,621026,5077875,0.1223,0.0962,0.2709
North Dakota,2020,06 Jun,Spirits,96115,617880,0.1556,0.1332,0.168
Texas,2020,06 Jun,Spirits,1654885,23257363,0.0712,0.063,0.1286
Virginia,2020,06 Jun,Spirits,461143,7094962,0.065,0.057999999999999996,0.1201
Wisconsin,2020,06 Jun,Spirits,512313,4851640,0.1056,0.1198,-0.1185
Alaska,2020,06 Jun,Wine,27926,589481,0.0474,0.0532,-0.11
Arkansas,2020,06 Jun,Wine,52474,2476087,0.0212,0.0197,0.0746
Florida,2020,06 Jun,Wine,767066,18207522,0.0421,0.0389,0.0823
Illinois,2020,06 Jun,Wine,428974,10512479,0.0408,0.0414,-0.0133
Kentucky,2020,06 Jun,Wine,74745,3691561,0.0202,0.0193,0.0508
Louisiana,2020,06 Jun,Wine,107478,3799736,0.0283,0.0267,0.0586
Massachusetts,2020,06 Jun,Wine,382119,5862386,0.0652,0.0697,-0.0644
Missouri,2020,06 Jun,Wine,171219,5077875,0.0337,0.0327,0.0327
North Dakota,2020,06 Jun,Wine,18461,617880,0.0299,0.0251,0.1911
Oregon,2020,06 Jun,Wine,155041,3547474,0.0437,0.0407,0.0744
Texas,2020,06 Jun,Wine,711876,23257363,0.0306,0.0289,0.0598
Virginia,2020,06 Jun,Wine,319354,7094962,0.045,0.0401,0.1213
Wisconsin,2020,06 Jun,Wine,168978,4851640,0.0348,0.035,-0.0043
Alaska,2020,06 Jun,Beer,61865,589481,0.1049,0.1183,-0.1131
Arkansas,2020,06 Jun,Beer,193281,2476087,0.0781,0.0861,-0.09300000000000001
Florida,2020,06 Jun,Beer,1730414,18207522,0.095,0.0899,0.0574
Illinois,2020,06 Jun,Beer,1145954,10512479,0.109,0.1094,-0.0037
Kansas,2020,06 Jun,Beer,253615,2371396,0.1069,0.094,0.1383
Kentucky,2020,06 Jun,Beer,271886,3691561,0.0737,0.0781,-0.0573
Massachusetts,2020,06 Jun,Beer,465088,5862386,0.0793,0.0913,-0.1312
Missouri,2020,06 Jun,Beer,499493,5077875,0.0984,0.1056,-0.0682
North Dakota,2020,06 Jun,Beer,94113,617880,0.1523,0.1664,-0.0844
Oregon,2020,06 Jun,Beer,358648,3547474,0.1011,0.1135,-0.1092
Texas,2020,06 Jun,Beer,2803068,23257363,0.1205,0.1216,-0.0085
