Year,Month,FIPS,Beverage,Gallons,Ethanol,Population,PerCapita,PerCapita3yr,PctChange
2017,1,2,1,103645,42598,593378,0.0718,,
2017,1,5,1,402885,165586,2455022,0.0674,,
2017,1,8,1,733857,301615,4634346,0.0651,,
2017,1,9,1,412100,169373,3015481,0.0562,,
2017,1,12,1,2770686,1138752,17722275,0.0643,,
2017,1,17,1,1044642,429348,10556100,0.0407,,
2017,1,20,1,389012,159884,2356231,0.0679,,
2017,1,21,1,779156,320233,3670568,0.0872,,
2017,1,22,1,633111,260209,3807282,0.0683,,
2017,1,25,1,520076,213751,5815595,0.0368,,
2017,1,29,1,633870,260521,5037634,0.0517,,
2017,1,38,1,123893,50920,613251,0.083,,
2017,1,48,1,4141099,1701992,22572383,0.0754,,
2017,1,51,1,807880,332039,7015247,0.0473,,
2017,1,55,1,1387718,570352,4805415,0.1187,,
2017,1,2,2,140499,18124,593378,0.0305,,
2017,1,5,2,451444,58236,2455022,0.0237,,
2017,1,8,2,1146987,147961,4634346,0.0319,,
2017,1,9,2,794732,102520,3015481,0.034,,
2017,1,12,2,5705956,736068,17722275,0.0415,,
2017,1,17,2,2113935,272698,10556100,0.0258,,
2017,1,21,2,736522,95011,3670568,0.0259,,
2017,1,22,2,691735,89234,3807282,0.0234,,
2017,1,25,2,1342858,173229,5815595,0.0298,,
2017,1,29,2,972384,125437,5037634,0.0249,,
2017,1,38,2,96753,12481,613251,0.0204,,
2017,1,41,2,1476304,190443,3468412,0.0549,,
2017,1,48,2,6021965,776833,22572383,0.0344,,
2017,1,51,2,1879813,242496,7015247,0.0346,,
2017,1,55,2,1277174,164756,4805415,0.0343,,
2017,1,2,3,787407,35433,593378,0.0597,,
2017,1,5,3,3400200,153009,2455022,0.0623,,
2017,1,8,3,8181014,368146,4634346,0.0794,,
2017,1,9,3,3450020,155251,3015481,0.0515,,
2017,1,12,3,30220321,1359914,17722275,0.0767,,
2017,1,17,3,15922784,716525,10556100,0.0679,,
2017,1,20,3,4174028,187831,2356231,0.0797,,
2017,1,21,3,5959564,268180,3670568,0.0731,,
2017,1,25,3,8185604,368352,5815595,0.0633,,
2017,1,29,3,9474397,426348,5037634,0.0846,,
2017,1,38,3,1480113,66605,613251,0.1086,,
2017,1,41,3,6073741,273318,3468412,0.0788,,
2017,1,48,3,52609593,2367432,22572383,0.1049,,
2017,1,51,3,10272274,462252,7015247,0.0659,,
2017,2,2,1,120929,49702,593378,0.0838,,
2017,2,5,1,257696,105913,2455022,0.0431,,
2017,2,8,1,929497,382023,4634346,0.0824,,
2017,2,9,1,577939,237533,3015481,0.0788,,
2017,2,12,1,3423792,1407178,17722275,0.0794,,
2017,2,17,1,1419199,583291,10556100,0.0553,,
2017,2,20,1,322364,132492,2356231,0.0562,,
2017,2,21,1,262904,108053,3670568,0.0294,,
2017,2,22,1,700315,287829,3807282,0.0756,,
2017,2,25,1,812741,334037,5815595,0.0574,,
2017,2,29,1,956038,392932,5037634,0.078,,
2017,2,38,1,137002,56308,613251,0.0918,,
2017,2,48,1,2965700,1218903,22572383,0.054,,
2017,2,51,1,830462,341320,7015247,0.0487,,
2017,2,55,1,889002,365380,4805415,0.076,,
2017,2,2,2,163072,21036,593378,0.0355,,
2017,2,5,2,310160,40011,2455022,0.0163,,
2017,2,8,2,1482717,191270,4634346,0.0413,,
2017,2,9,2,1023038,131972,3015481,0.0438,,
2017,2,12,2,6360162,820461,17722275,0.0463,,
2017,2,17,2,2586424,333649,10556100,0.0316,,
2017,2,21,2,244620,31556,3670568,0.0086,,
2017,2,22,2,717754,92590,3807282,0.0243,,
2017,2,25,2,1962634,253180,5815595,0.0435,,
2017,2,29,2,1312305,169287,5037634,0.0336,,
2017,2,38,2,106924,13793,613251,0.0225,,
2017,2,41,2,1085695,140055,3468412,0.0404,,
2017,2,48,2,5353402,690589,22572383,0.0306,,
2017,2,51,2,1903575,245561,7015247,0.035,,
2017,2,55,2,1006746,129870,4805415,0.027,,
2017,2,2,3,845710,38057,593378,0.0641,,
2017,2,5,3,3528088,158764,2455022,0.0647,,
2017,2,8,3,7969597,358632,4634346,0.0774,,
2017,2,9,3,3559873,160194,3015481,0.0531,,
2017,2,12,3,31736910,1428161,17722275,0.0806,,
2017,2,17,3,16802205,756099,10556100,0.0716,,
2017,2,20,3,3870683,174181,2356231,0.0739,,
2017,2,21,3,4533440,204005,3670568,0.0556,,
2017,2,25,3,7809330,351420,5815595,0.0604,,
2017,2,29,3,9010164,405457,5037634,0.0805,,
2017,2,38,3,1495247,67286,613251,0.1097,,
2017,2,41,3,6561339,295260,3468412,0.0851,,
2017,2,48,3,40292159,1813147,22572383,0.0803,,
2017,2,51,3,10261713,461777,7015247,0.0658,,
2017,3,2,1,141033,57964,593378,0.0977,,
2017,3,5,1,289006,118781,2455022,0.0484,,
2017,3,8,1,1154429,474470,4634346,0.1024,,
2017,3,9,1,581433,238969,3015481,0.0792,,
2017,3,12,1,4217222,1733278,17722275,0.0978,,
2017,3,17,1,1767023,726247,10556100,0.0688,,
2017,3,20,1,345188,141872,2356231,0.0602,,
2017,3,21,1,681101,279932,3670568,0.0763,,
2017,3,22,1,814115,334601,3807282,0.0879,,
2017,3,25,1,1212509,498341,5815595,0.0857,,
2017,3,29,1,1064454,437490,5037634,0.0868,,
2017,3,38,1,162070,66611,613251,0.1086,,
2017,3,48,1,2596052,1066977,22572383,0.0473,,
2017,3,51,1,943961,387968,7015247,0.0553,,
2017,3,55,1,919418,377881,4805415,0.0786,,
2017,3,2,2,207743,26799,593378,0.0452,,
2017,3,5,2,303000,39087,2455022,0.0159,,
2017,3,8,2,1516369,195612,4634346,0.0422,,
2017,3,9,2,1297962,167437,3015481,0.0555,,
2017,3,12,2,7206124,929590,17722275,0.0525,,
2017,3,17,2,3007626,387984,10556100,0.0368,,
2017,3,21,2,320378,41329,3670568,0.0113,,
2017,3,22,2,849630,109602,3807282,0.0288,,
2017,3,25,2,2722797,351241,5815595,0.0604,,
2017,3,29,2,1340458,172919,5037634,0.0343,,
2017,3,38,2,126127,16270,613251,0.0265,,
2017,3,41,2,1285169,165787,3468412,0.0478,,
2017,3,48,2,4658826,600989,22572383,0.0266,,
2017,3,51,2,2205239,284476,7015247,0.0406,,
2017,3,55,2,1022458,131897,4805415,0.0274,,
2017,3,2,3,1104293,49693,593378,0.0837,,
2017,3,5,3,3770863,169689,2455022,0.0691,,
2017,3,8,3,9848197,443169,4634346,0.0956,,
2017,3,9,3,4292946,193183,3015481,0.0641,,
2017,3,12,3,40430413,1819369,17722275,0.1027,,
2017,3,17,3,21032499,946462,10556100,0.0897,,
2017,3,20,3,3892439,175160,2356231,0.0743,,
2017,3,21,3,6286329,282885,3670568,0.0771,,
2017,3,25,3,10467658,471045,5815595,0.081,,
2017,3,29,3,11123045,500537,5037634,0.0994,,
2017,3,38,3,1598135,71916,613251,0.1173,,
2017,3,41,3,7001122,315050,3468412,0.0908,,
2017,3,48,3,42841618,1927873,22572383,0.0854,,
2017,3,51,3,12279624,552583,7015247,0.0788,,
2017,4,2,1,131717,54136,593378,0.0912,,
2017,4,5,1,326769,134302,2455022,0.0547,,
2017,4,8,1,945519,388608,4634346,0.0839,,
2017,4,9,1,530414,218000,3015481,0.0723,,
2017,4,12,1,3220124,1323471,17722275,0.0747,,
2017,4,17,1,1486325,610879,10556100,0.0579,,
2017,4,20,1,394536,162154,2356231,0.0688,,
2017,4,21,1,631720,259637,3670568,0.0707,,
2017,4,22,1,729840,299964,3807282,0.0788,,
2017,4,25,1,1008246,414389,5815595,0.0713,,
2017,4,29,1,980158,402845,5037634,0.08,,
2017,4,38,1,134596,55319,613251,0.0902,,
2017,4,48,1,3109741,1278104,22572383,0.0566,,
2017,4,51,1,899499,369694,7015247,0.0527,,
2017,4,55,1,1398414,574748,4805415,0.1196,,
2017,4,2,2,166416,21468,593378,0.0362,,
2017,4,5,2,369228,47630,2455022,0.0194,,
2017,4,8,2,1376073,177513,4634346,0.0383,,
2017,4,9,2,1070698,138120,3015481,0.0458,,
2017,4,12,2,5967991,769871,17722275,0.0434,,
2017,4,17,2,2698416,348096,10556100,0.033,,
2017,4,21,2,523184,67491,3670568,0.0184,,
2017,4,22,2,763255,98460,3807282,0.0259,,
2017,4,25,2,2326263,300088,5815595,0.0516,,
2017,4,29,2,1068064,137780,5037634,0.0274,,
2017,4,38,2,160336,20683,613251,0.0337,,
2017,4,41,2,1458788,188184,3468412,0.0543,,
2017,4,48,2,4983229,642837,22572383,0.0285,,
2017,4,51,2,2049657,264406,7015247,0.0377,,
2017,4,55,2,1309427,168916,4805415,0.0352,,
2017,4,2,3,1069064,48108,593378,0.0811,,
2017,4,5,3,4105442,184745,2455022,0.0753,,
2017,4,8,3,8949796,402741,4634346,0.0869,,
2017,4,9,3,4328935,194802,3015481,0.0646,,
2017,4,12,3,35827699,1612246,17722275,0.091,,
2017,4,17,3,20328054,914762,10556100,0.0867,,
2017,4,20,3,4814917,216671,2356231,0.092,,
2017,4,21,3,6690048,301052,3670568,0.082,,
2017,4,25,3,10183607,458262,5815595,0.0788,,
2017,4,29,3,10903214,490645,5037634,0.0974,,
2017,4,38,3,1934276,87042,613251,0.1419,,
2017,4,41,3,8949102,402710,3468412,0.1161,,
2017,4,48,3,55984422,2519299,22572383,0.1116,,
2017,4,51,3,11933973,537029,7015247,0.0766,,
2017,5,2,1,158173,65009,593378,0.1096,,
2017,5,5,1,291084,119635,2455022,0.0487,,
2017,5,8,1,1176509,483545,4634346,0.1043,,
2017,5,9,1,648230,266423,3015481,0.0884,,
2017,5,12,1,3920402,1611285,17722275,0.0909,,
2017,5,17,1,2043145,839733,10556100,0.0795,,
2017,5,20,1,345270,141906,2356231,0.0602,,
2017,5,21,1,573843,235849,3670568,0.0643,,
2017,5,22,1,799698,328676,3807282,0.0863,,
2017,5,25,1,1268448,521332,5815595,0.0896,,
2017,5,29,1,1087550,446983,5037634,0.0887,,
2017,5,38,1,177927,73128,613251,0.1192,,
2017,5,48,1,3262063,1340708,22572383,0.0594,,
2017,5,51,1,974894,400681,7015247,0.0571,,
2017,5,55,1,1067255,438642,4805415,0.0913,,
2017,5,2,2,225526,29093,593378,0.049,,
2017,5,5,2,322580,41613,2455022,0.017,,
2017,5,8,2,1528132,197129,4634346,0.0425,,
2017,5,9,2,1187011,153124,3015481,0.0508,,
2017,5,12,2,5658457,729941,17722275,0.0412,,
2017,5,17,2,3201436,412985,10556100,0.0391,,
2017,5,21,2,496274,64019,3670568,0.0174,,
2017,5,22,2,826811,106659,3807282,0.028,,
2017,5,25,2,2534209,326913,5815595,0.0562,,
2017,5,29,2,1191653,153723,5037634,0.0305,,
2017,5,38,2,121996,15738,613251,0.0257,,
2017,5,41,2,1114087,143717,3468412,0.0414,,
2017,5,48,2,4567998,589272,22572383,0.0261,,
2017,5,51,2,2277394,293784,7015247,0.0419,,
2017,5,55,2,1077970,139058,4805415,0.0289,,
2017,5,2,3,1457979,65609,593378,0.1106,,
2017,5,5,3,4387883,197455,2455022,0.0804,,
2017,5,8,3,10684955,480823,4634346,0.1038,,
2017,5,9,3,5209941,234447,3015481,0.0777,,
2017,5,12,3,38488906,1732001,17722275,0.0977,,
2017,5,17,3,25126460,1130691,10556100,0.1071,,
2017,5,20,3,4224806,190116,2356231,0.0807,,
2017,5,21,3,5983942,269277,3670568,0.0734,,
2017,5,25,3,12158741,547143,5815595,0.0941,,
2017,5,29,3,12137281,546178,5037634,0.1084,,
2017,5,38,3,2116074,95223,613251,0.1553,,
2017,5,41,3,7206334,324285,3468412,0.0935,,
2017,5,48,3,49560853,2230238,22572383,0.0988,,
2017,5,51,3,14616567,657746,7015247,0.0938,,
2017,6,2,1,181130,74444,593378,0.1255,,
2017,6,5,1,327954,134789,2455022,0.0549,,
2017,6,8,1,1438590,591260,4634346,0.1276,,
2017,6,9,1,768255,315753,3015481,0.1047,,
2017,6,12,1,4603094,1891872,17722275,0.1068,,
2017,6,17,1,2358265,969247,10556100,0.0918,,
2017,6,20,1,377964,155343,2356231,0.0659,,
2017,6,21,1,650132,267204,3670568,0.0728,,
2017,6,22,1,869685,357440,3807282,0.0939,,
2017,6,25,1,1883692,774198,5815595,0.1331,,
2017,6,29,1,1193229,490417,5037634,0.0974,,
2017,6,38,1,201090,82648,613251,0.1348,,
2017,6,48,1,3225024,1325485,22572383,0.0587,,
2017,6,51,1,966995,397435,7015247,0.0567,,
2017,6,55,1,1416800,582305,4805415,0.1212,,
2017,6,2,2,252221,32537,593378,0.0548,,
2017,6,5,2,330236,42600,2455022,0.0174,,
2017,6,8,2,1708736,220427,4634346,0.0476,,
2017,6,9,2,1298365,167489,3015481,0.0555,,
2017,6,12,2,5702031,735562,17722275,0.0415,,
2017,6,17,2,3487153,449843,10556100,0.0426,,
2017,6,21,2,530906,68487,3670568,0.0187,,
2017,6,22,2,856872,110536,3807282,0.029,,
2017,6,25,2,3272019,422090,5815595,0.0726,,
2017,6,29,2,1421505,183374,5037634,0.0364,,
2017,6,38,2,122821,15844,613251,0.0258,,
2017,6,41,2,1265686,163274,3468412,0.0471,,
2017,6,48,2,5012995,646676,22572383,0.0286,,
2017,6,51,2,2302976,297084,7015247,0.0423,,
2017,6,55,2,1296188,167208,4805415,0.0348,,
2017,6,2,3,1628971,73304,593378,0.1235,,
2017,6,5,3,4874538,219354,2455022,0.0893,,
2017,6,8,3,12475707,561407,4634346,0.1211,,
2017,6,9,3,5953145,267892,3015481,0.0888,,
2017,6,12,3,36521145,1643452,17722275,0.0927,,
2017,6,17,3,27967981,1258559,10556100,0.1192,,
2017,6,20,3,4629261,208317,2356231,0.0884,,
2017,6,21,3,7170994,322695,3670568,0.0879,,
2017,6,25,3,12701265,571557,5815595,0.0983,,
2017,6,29,3,12127850,545753,5037634,0.1083,,
2017,6,38,3,2263360,101851,613251,0.1661,,
2017,6,41,3,8916745,401254,3468412,0.1157,,
2017,6,48,3,62431460,2809416,22572383,0.1245,,
2017,6,51,3,15082202,678699,7015247,0.0967,,
2017,7,2,1,149097,61279,593378,0.1033,,
2017,7,5,1,385670,158511,2455022,0.0646,,
2017,7,8,1,933813,383797,4634346,0.0828,,
2017,7,9,1,573968,235901,3015481,0.0782,,
2017,7,12,1,2717018,1116694,17722275,0.063,,
2017,7,17,1,1244927,511665,10556100,0.0485,,
2017,7,20,1,454458,186782,2356231,0.0793,,
2017,7,21,1,689831,283521,3670568,0.0772,,
2017,7,22,1,637038,261823,3807282,0.0688,,
2017,7,25,1,835468,343377,5815595,0.059,,
2017,7,29,1,884627,363582,5037634,0.0722,,
2017,7,38,1,154796,63621,613251,0.1037,,
2017,7,48,1,3356248,1379418,22572383,0.0611,,
2017,7,51,1,950169,390519,7015247,0.0557,,
2017,7,55,1,1540551,633166,4805415,0.1318,,
2017,7,2,2,213686,27565,593378,0.0465,,
2017,7,5,2,365591,47161,2455022,0.0192,,
2017,7,8,2,1336047,172350,4634346,0.0372,,
2017,7,9,2,1103936,142408,3015481,0.0472,,
2017,7,12,2,4407939,568624,17722275,0.0321,,
2017,7,17,2,2429733,313436,10556100,0.0297,,
2017,7,21,2,540076,69670,3670568,0.019,,
2017,7,22,2,663628,85608,3807282,0.0225,,
2017,7,25,2,1846016,238136,5815595,0.0409,,
2017,7,29,2,1020401,131632,5037634,0.0261,,
2017,7,38,2,108529,14000,613251,0.0228,,
2017,7,41,2,1492711,192560,3468412,0.0555,,
2017,7,48,2,5106893,658789,22572383,0.0292,,
2017,7,51,2,2015054,259942,7015247,0.0371,,
2017,7,55,2,1352751,174505,4805415,0.0363,,
2017,7,2,3,1408319,63374,593378,0.1068,,
2017,7,5,3,4875683,219406,2455022,0.0894,,
2017,7,8,3,10347649,465644,4634346,0.1005,,
2017,7,9,3,4955283,222988,3015481,0.0739,,
2017,7,12,3,32388125,1457466,17722275,0.0822,,
2017,7,17,3,21395931,962817,10556100,0.0912,,
2017,7,20,3,5711567,257021,2356231,0.1091,,
2017,7,21,3,7756200,349029,3670568,0.0951,,
2017,7,25,3,10822605,487017,5815595,0.0837,,
2017,7,29,3,11000501,495023,5037634,0.0983,,
2017,7,38,3,1857034,83567,613251,0.1363,,
2017,7,41,3,9756756,439054,3468412,0.1266,,
2017,7,48,3,60231134,2710401,22572383,0.1201,,
2017,7,51,3,12634970,568574,7015247,0.081,,
2017,8,2,1,177645,73012,593378,0.123,,
2017,8,5,1,283947,116702,2455022,0.0475,,
2017,8,8,1,1203259,494539,4634346,0.1067,,
2017,8,9,1,537312,220835,3015481,0.0732,,
2017,8,12,1,3392719,1394408,17722275,0.0787,,
2017,8,17,1,1832047,752971,10556100,0.0713,,
2017,8,20,1,295245,121346,2356231,0.0515,,
2017,8,21,1,539733,221830,3670568,0.0604,,
2017,8,22,1,736047,302515,3807282,0.0795,,
2017,8,25,1,1078534,443277,5815595,0.0762,,
2017,8,29,1,1018085,418433,5037634,0.0831,,
2017,8,38,1,167706,68927,613251,0.1124,,
2017,8,48,1,3143703,1292062,22572383,0.0572,,
2017,8,51,1,940152,386402,7015247,0.0551,,
2017,8,55,1,948807,389960,4805415,0.0812,,
2017,8,2,2,248580,32067,593378,0.054,,
2017,8,5,2,314719,40599,2455022,0.0165,,
2017,8,8,2,1693905,218514,4634346,0.0472,,
2017,8,9,2,1069234,137931,3015481,0.0457,,
2017,8,12,2,5851902,754895,17722275,0.0426,,
2017,8,17,2,3379674,435978,10556100,0.0413,,
2017,8,21,2,420672,54267,3670568,0.0148,,
2017,8,22,2,866973,111839,3807282,0.0294,,
2017,8,25,2,2339265,301765,5815595,0.0519,,
2017,8,29,2,1231511,158865,5037634,0.0315,,
2017,8,38,2,131476,16960,613251,0.0277,,
2017,8,41,2,1148434,148148,3468412,0.0427,,
2017,8,48,2,5011892,646534,22572383,0.0286,,
2017,8,51,2,2320357,299326,7015247,0.0427,,
2017,8,55,2,1077684,139021,4805415,0.0289,,
2017,8,2,3,1636509,73643,593378,0.1241,,
2017,8,5,3,4447283,200128,2455022,0.0815,,
2017,8,8,3,11954718,537962,4634346,0.1161,,
2017,8,9,3,5690025,256051,3015481,0.0849,,
2017,8,12,3,38064476,1712901,17722275,0.0967,,
2017,8,17,3,26691702,1201127,10556100,0.1138,,
2017,8,20,3,4705106,211730,2356231,0.0899,,
2017,8,21,3,6334416,285049,3670568,0.0777,,
2017,8,25,3,12373486,556807,5815595,0.0957,,
2017,8,29,3,12132018,545941,5037634,0.1084,,
2017,8,38,3,1911782,86030,613251,0.1403,,
2017,8,41,3,9299906,418496,3468412,0.1207,,
2017,8,48,3,49822001,2241990,22572383,0.0993,,
2017,8,51,3,14616829,657757,7015247,0.0938,,
2017,9,2,1,144068,59212,593378,0.0998,,
2017,9,5,1,368364,151398,2455022,0.0617,,
2017,9,8,1,1055056,433628,4634346,0.0936,,
2017,9,9,1,542801,223091,3015481,0.074,,
2017,9,12,1,2806073,1153296,17722275,0.0651,,
2017,9,17,1,1621165,666299,10556100,0.0631,,
2017,9,20,1,389175,159951,2356231,0.0679,,
2017,9,21,1,615577,253002,3670568,0.0689,,
2017,9,22,1,689261,283286,3807282,0.0744,,
2017,9,25,1,1162718,477877,5815595,0.0822,,
2017,9,29,1,1199883,493152,5037634,0.0979,,
2017,9,38,1,152656,62741,613251,0.1023,,
2017,9,48,1,2683240,1102812,22572383,0.0489,,
2017,9,51,1,946518,389019,7015247,0.0555,,
2017,9,55,1,1201939,493997,4805415,0.1028,,
2017,9,2,2,199086,25682,593378,0.0433,,
2017,9,5,2,339144,43750,2455022,0.0178,,
2017,9,8,2,1364559,176028,4634346,0.038,,
2017,9,9,2,1064791,137358,3015481,0.0456,,
2017,9,12,2,4418578,569997,17722275,0.0322,,
2017,9,17,2,2690818,347116,10556100,0.0329,,
2017,9,21,2,529020,68244,3670568,0.0186,,
2017,9,22,2,732222,94457,3807282,0.0248,,
2017,9,25,2,2608738,336527,5815595,0.0579,,
2017,9,29,2,1365719,176178,5037634,0.035,,
2017,9,38,2,97187,12537,613251,0.0204,,
2017,9,41,2,1498873,193355,3468412,0.0557,,
2017,9,48,2,4750968,612875,22572383,0.0272,,
2017,9,51,2,2072836,267396,7015247,0.0381,,
2017,9,55,2,1326400,171106,4805415,0.0356,,
2017,9,2,3,1083370,48752,593378,0.0822,,
2017,9,5,3,4842596,217917,2455022,0.0888,,
2017,9,8,3,9942861,447429,4634346,0.0965,,
2017,9,9,3,4704961,211723,3015481,0.0702,,
2017,9,12,3,32493045,1462187,17722275,0.0825,,
2017,9,17,3,21419855,963893,10556100,0.0913,,
2017,9,20,3,5425750,244159,2356231,0.1036,,
2017,9,21,3,7976064,358923,3670568,0.0978,,
2017,9,25,3,9909433,445924,5815595,0.0767,,
2017,9,29,3,10420535,468924,5037634,0.0931,,
2017,9,38,3,1513268,68097,613251,0.111,,
2017,9,41,3,9788965,440503,3468412,0.127,,
2017,9,48,3,56817453,2556785,22572383,0.1133,,
2017,9,51,3,12453806,560421,7015247,0.0799,,
2017,10,2,1,133326,54797,593378,0.0923,,
2017,10,5,1,304389,125104,2455022,0.051,,
2017,10,8,1,1061033,436085,4634346,0.0941,,
2017,10,9,1,781879,321352,3015481,0.1066,,
2017,10,12,1,4000117,1644048,17722275,0.0928,,
2017,10,17,1,1895586,779086,10556100,0.0738,,
2017,10,20,1,342127,140614,2356231,0.0597,,
2017,10,21,1,593322,243856,3670568,0.0664,,
2017,10,22,1,827692,340181,3807282,0.0894,,
2017,10,25,1,1092277,448926,5815595,0.0772,,
2017,10,29,1,1045346,429637,5037634,0.0853,,
2017,10,38,1,162942,66969,613251,0.1092,,
2017,10,48,1,3366337,1383565,22572383,0.0613,,
2017,10,51,1,935204,384369,7015247,0.0548,,
2017,10,55,1,1067570,438771,4805415,0.0913,,
2017,10,2,2,187725,24217,593378,0.0408,,
2017,10,5,2,329767,42540,2455022,0.0173,,
2017,10,8,2,1599055,206278,4634346,0.0445,,
2017,10,9,2,1371876,176972,3015481,0.0587,,
2017,10,12,2,6540790,843762,17722275,0.0476,,
2017,10,17,2,3271374,422007,10556100,0.04,,
2017,10,21,2,466770,60213,3670568,0.0164,,
2017,10,22,2,916585,118239,3807282,0.0311,,
2017,10,25,2,2237509,288639,5815595,0.0496,,
2017,10,29,2,1428600,184289,5037634,0.0366,,
2017,10,38,2,141182,18212,613251,0.0297,,
2017,10,41,2,1365870,176197,3468412,0.0508,,
2017,10,48,2,4757581,613728,22572383,0.0272,,
2017,10,51,2,2397859,309324,7015247,0.0441,,
2017,10,55,2,1344302,173415,4805415,0.0361,,
2017,10,2,3,997871,44904,593378,0.0757,,
2017,10,5,3,4265696,191956,2455022,0.0782,,
2017,10,8,3,8972300,403754,4634346,0.0871,,
2017,10,9,3,4222705,190022,3015481,0.063,,
2017,10,12,3,33834345,1522546,17722275,0.0859,,
2017,10,17,3,20376090,916924,10556100,0.0869,,
2017,10,20,3,4311939,194037,2356231,0.0824,,
2017,10,21,3,6236816,280657,3670568,0.0765,,
2017,10,25,3,9290960,418093,5815595,0.0719,,
2017,10,29,3,10267423,462034,5037634,0.0917,,
2017,10,38,3,1576512,70943,613251,0.1157,,
2017,10,41,3,8276684,372451,3468412,0.1074,,
2017,10,48,3,52507834,2362853,22572383,0.1047,,
2017,10,51,3,12274679,552361,7015247,0.0787,,
2017,11,2,1,147474,60612,593378,0.1021,,
2017,11,5,1,375820,154462,2455022,0.0629,,
2017,11,8,1,1198683,492659,4634346,0.1063,,
2017,11,9,1,682880,280664,3015481,0.0931,,
2017,11,12,1,4001209,1644497,17722275,0.0928,,
2017,11,17,1,2023196,831533,10556100,0.0788,,
2017,11,20,1,533858,219415,2356231,0.0931,,
2017,11,21,1,642724,264160,3670568,0.072,,
2017,11,22,1,817453,335973,3807282,0.0882,,
2017,11,25,1,1192117,489960,5815595,0.0842,,
2017,11,29,1,1174026,482525,5037634,0.0958,,
2017,11,38,1,170289,69989,613251,0.1141,,
2017,11,48,1,3222290,1324361,22572383,0.0587,,
2017,11,51,1,1006638,413728,7015247,0.059,,
2017,11,55,1,1607309,660604,4805415,0.1375,,
2017,11,2,2,193979,25023,593378,0.0422,,
2017,11,5,2,445343,57449,2455022,0.0234,,
2017,11,8,2,1749042,225626,4634346,0.0487,,
2017,11,9,2,1443115,186162,3015481,0.0617,,
2017,11,12,2,7277814,938838,17722275,0.053,,
2017,11,17,2,3709028,478465,10556100,0.0453,,
2017,11,21,2,526878,67967,3670568,0.0185,,
2017,11,22,2,954343,123110,3807282,0.0323,,
2017,11,25,2,2860233,368970,5815595,0.0634,,
2017,11,29,2,1438737,185597,5037634,0.0368,,
2017,11,38,2,193879,25010,613251,0.0408,,
2017,11,41,2,1359068,175320,3468412,0.0505,,
2017,11,48,2,5677453,732391,22572383,0.0324,,
2017,11,51,2,2589542,334051,7015247,0.0476,,
2017,11,55,2,1391875,179552,4805415,0.0374,,
2017,11,2,3,988678,44491,593378,0.075,,
2017,11,5,3,4282967,192734,2455022,0.0785,,
2017,11,8,3,9314560,419155,4634346,0.0904,,
2017,11,9,3,4245835,191063,3015481,0.0634,,
2017,11,12,3,35372822,1591777,17722275,0.0898,,
2017,11,17,3,20100372,904517,10556100,0.0857,,
2017,11,20,3,3700194,166509,2356231,0.0707,,
2017,11,21,3,6274016,282331,3670568,0.0769,,
2017,11,25,3,9394224,422740,5815595,0.0727,,
2017,11,29,3,9835082,442579,5037634,0.0879,,
2017,11,38,3,1618559,72835,613251,0.1188,,
2017,11,41,3,6728926,302802,3468412,0.0873,,
2017,11,48,3,51468933,2316102,22572383,0.1026,,
2017,11,51,3,12115574,545201,7015247,0.0777,,
2017,12,2,1,164071,67433,593378,0.1136,,
2017,12,5,1,373784,153625,2455022,0.0626,,
2017,12,8,1,1572105,646135,4634346,0.1394,,
2017,12,9,1,592301,243436,3015481,0.0807,,
2017,12,12,1,5659929,2326231,17722275,0.1313,,
2017,12,17,1,2662850,1094431,10556100,0.1037,,
2017,12,20,1,412362,169481,2356231,0.0719,,
2017,12,21,1,668296,274670,3670568,0.0748,,
2017,12,22,1,974117,400362,3807282,0.1052,,
2017,12,25,1,1721765,707646,5815595,0.1217,,
2017,12,29,1,1140300,468663,5037634,0.093,,
2017,12,38,1,198340,81518,613251,0.1329,,
2017,12,48,1,4528222,1861099,22572383,0.0825,,
2017,12,51,1,1275484,524224,7015247,0.0747,,
2017,12,55,1,1259250,517552,4805415,0.1077,,
2017,12,2,2,222366,28685,593378,0.0483,,
2017,12,5,2,454631,58647,2455022,0.0239,,
2017,12,8,2,1983162,255828,4634346,0.0552,,
2017,12,9,2,1359326,175353,3015481,0.0582,,
2017,12,12,2,7009832,904268,17722275,0.051,,
2017,12,17,2,4173641,538400,10556100,0.051,,
2017,12,21,2,605296,78083,3670568,0.0213,,
2017,12,22,2,1054703,136057,3807282,0.0357,,
2017,12,25,2,3516473,453625,5815595,0.078,,
2017,12,29,2,1358518,175249,5037634,0.0348,,
2017,12,38,2,192377,24817,613251,0.0405,,
2017,12,41,2,1404561,181188,3468412,0.0522,,
2017,12,48,2,5669725,731395,22572383,0.0324,,
2017,12,51,2,2627284,338920,7015247,0.0483,,
2017,12,55,2,1514767,195405,4805415,0.0407,,
2017,12,2,3,951832,42832,593378,0.0722,,
2017,12,5,3,3554971,159974,2455022,0.0652,,
2017,12,8,3,8940531,402324,4634346,0.0868,,
2017,12,9,3,4334193,195039,3015481,0.0647,,
2017,12,12,3,36252995,1631385,17722275,0.0921,,
2017,12,17,3,20681226,930655,10556100,0.0882,,
2017,12,20,3,4454594,200457,2356231,0.0851,,
2017,12,21,3,5807974,261359,3670568,0.0712,,
2017,12,25,3,9076318,408434,5815595,0.0702,,
2017,12,29,3,8623704,388067,5037634,0.077,,
2017,12,38,3,1249997,56250,613251,0.0917,,
2017,12,41,3,6864559,308905,3468412,0.0891,,
2017,12,48,3,61463877,2765874,22572383,0.1225,,
2017,12,51,3,11761998,529290,7015247,0.0754,,
2018,1,2,1,98477,40474,590760,0.0685,,
2018,1,5,1,324055,133187,2465297,0.054,,
2018,1,8,1,817826,336126,4715895,0.0713,,
2018,1,9,1,450195,185030,3019150,0.0613,,
2018,1,12,1,3030298,1245453,17980787,0.0693,,
2018,1,17,1,1127188,463274,10533371,0.044,,
2018,1,20,1,308550,126814,2364319,0.0536,,
2018,1,21,1,764728,314303,3681254,0.0854,,
2018,1,22,1,706151,290228,3803169,0.0763,,
2018,1,25,1,637339,261946,5844357,0.0448,,
2018,1,29,1,678966,279055,5056750,0.0552,,
2018,1,38,1,132079,54285,615077,0.0883,,
2018,1,48,1,3923754,1612663,22899863,0.0704,,
2018,1,51,1,827043,339915,7056421,0.0482,,
2018,1,55,1,1360739,559264,4829270,0.1158,,
2018,1,2,2,142634,18400,590760,0.0311,,
2018,1,5,2,461603,59547,2465297,0.0242,,
2018,1,8,2,1209841,156069,4715895,0.0331,,
2018,1,9,2,877249,113165,3019150,0.0375,,
2018,1,12,2,6086247,785126,17980787,0.0437,,
2018,1,17,2,2276536,293673,10533371,0.0279,,
2018,1,21,2,737988,95200,3681254,0.0259,,
2018,1,22,2,756882,97638,3803169,0.0257,,
2018,1,25,2,1455782,187796,5844357,0.0321,,
2018,1,29,2,1104595,142493,5056750,0.0282,,
2018,1,38,2,92191,11893,615077,0.0193,,
2018,1,41,2,1308405,168784,3509161,0.0481,,
2018,1,48,2,5824195,751321,22899863,0.0328,,
2018,1,51,2,1979290,255328,7056421,0.0362,,
2018,1,55,2,1247042,160868,4829270,0.0333,,
2018,1,2,3,853471,38406,590760,0.065,,
2018,1,5,3,3432858,154479,2465297,0.0627,,
2018,1,8,3,8221948,369988,4715895,0.0785,,
2018,1,9,3,3475487,156397,3019150,0.0518,,
2018,1,12,3,30856769,1388555,17980787,0.0772,,
2018,1,17,3,16291882,733135,10533371,0.0696,,
2018,1,20,3,3487456,156936,2364319,0.0664,,
2018,1,21,3,5219706,234887,3681254,0.0638,,
2018,1,25,3,8571266,385707,5844357,0.066,,
2018,1,29,3,8635242,388586,5056750,0.0768,,
2018,1,38,3,1600740,72033,615077,0.1171,,
2018,1,41,3,5961485,268267,3509161,0.0764,,
2018,1,48,3,49917251,2246276,22899863,0.0981,,
2018,1,51,3,10337992,465210,7056421,0.0659,,
2018,2,2,1,115497,47469,590760,0.0804,,
2018,2,5,1,263526,108309,2465297,0.0439,,
2018,2,8,1,945955,388788,4715895,0.0824,,
2018,2,9,1,582425,239377,3019150,0.0793,,
2018,2,12,1,3363052,1382215,17980787,0.0769,,
2018,2,17,1,1453104,597226,10533371,0.0567,,
2018,2,20,1,314081,129087,2364319,0.0546,,
2018,2,21,1,464229,190798,3681254,0.0518,,
2018,2,22,1,707773,290895,3803169,0.0765,,
2018,2,25,1,836547,343821,5844357,0.0588,,
2018,2,29,1,905544,372179,5056750,0.0736,,
2018,2,38,1,145183,59670,615077,0.097,,
2018,2,48,1,3087678,1269036,22899863,0.0554,,
2018,2,51,1,845134,347350,7056421,0.0492,,
2018,2,55,1,691741,284305,4829270,0.0589,,
2018,2,2,2,172662,22273,590760,0.0377,,
2018,2,5,2,405821,52351,2465297,0.0212,,
2018,2,8,2,1488187,191976,4715895,0.0407,,
2018,2,9,2,1085931,140085,3019150,0.0464,,
2018,2,12,2,6222581,802713,17980787,0.0446,,
2018,2,17,2,2699222,348200,10533371,0.0331,,
2018,2,21,2,429116,55356,3681254,0.015,,
2018,2,22,2,766577,98888,3803169,0.026,,
2018,2,25,2,1977273,255068,5844357,0.0436,,
2018,2,29,2,1065291,137422,5056750,0.0272,,
2018,2,38,2,109512,14127,615077,0.023,,
2018,2,41,2,1194997,154155,3509161,0.0439,,
2018,2,48,2,4573227,589946,22899863,0.0258,,
2018,2,51,2,1956567,252397,7056421,0.0358,,
2018,2,55,2,1087536,140292,4829270,0.0291,,
2018,2,2,3,800332,36015,590760,0.061,,
2018,2,5,3,2966671,133500,2465297,0.0542,,
2018,2,8,3,7637602,343692,4715895,0.0729,,
2018,2,9,3,3477474,156486,3019150,0.0518,,
2018,2,12,3,32061208,1442754,17980787,0.0802,,
2018,2,17,3,15846820,713107,10533371,0.0677,,
2018,2,20,3,3920856,176439,2364319,0.0746,,
2018,2,21,3,4276289,192433,3681254,0.0523,,
2018,2,25,3,7851774,353330,5844357,0.0605,,
2018,2,29,3,8880706,399632,5056750,0.079,,
2018,2,38,3,1321458,59466,615077,0.0967,,
2018,2,41,3,7174470,322851,3509161,0.092,,
2018,2,48,3,40212532,1809564,22899863,0.079,,
2018,2,51,3,9846875,443109,7056421,0.0628,,
2018,3,2,1,146482,60204,590760,0.1019,,
2018,3,5,1,309671,127275,2465297,0.0516,,
2018,3,8,1,1127897,463566,4715895,0.0983,,
2018,3,9,1,581199,238873,3019150,0.0791,,
2018,3,12,1,4248314,1746057,17980787,0.0971,,
2018,3,17,1,1744864,717139,10533371,0.0681,,
2018,3,20,1,324393,133325,2364319,0.0564,,
2018,3,21,1,501503,206118,3681254,0.056,,
2018,3,22,1,725856,298327,3803169,0.0784,,
2018,3,25,1,1177042,483764,5844357,0.0828,,
2018,3,29,1,1059605,435498,5056750,0.0861,,
2018,3,38,1,145176,59667,615077,0.097,,
2018,3,48,1,2786463,1145236,22899863,0.05,,
2018,3,51,1,1003337,412371,7056421,0.0584,,
2018,3,55,1,1364602,560851,4829270,0.1161,,
2018,3,2,2,174287,22483,590760,0.0381,,
2018,3,5,2,273980,35343,2465297,0.0143,,
2018,3,8,2,1462188,188622,4715895,0.04,,
2018,3,9,2,1173642,151400,3019150,0.0501,,
2018,3,12,2,6672199,860714,17980787,0.0479,,
2018,3,17,2,2841758,366587,10533371,0.0348,,
2018,3,21,2,436126,56260,3681254,0.0153,,
2018,3,22,2,817949,105515,3803169,0.0277,,
2018,3,25,2,2298401,296494,5844357,0.0507,,
2018,3,29,2,1229069,158550,5056750,0.0314,,
2018,3,38,2,133114,17172,615077,0.0279,,
2018,3,41,2,989711,127673,3509161,0.0364,,
2018,3,48,2,4687214,604651,22899863,0.0264,,
2018,3,51,2,2157825,278359,7056421,0.0394,,
2018,3,55,2,1031066,133008,4829270,0.0275,,
2018,3,2,3,1043925,46977,590760,0.0795,,
2018,3,5,3,3826933,172212,2465297,0.0699,,
2018,3,8,3,9076780,408455,4715895,0.0866,,
2018,3,9,3,4052383,182357,3019150,0.0604,,
2018,3,12,3,39961633,1798273,17980787,0.1,,
2018,3,17,3,20238181,910718,10533371,0.0865,,
2018,3,20,3,3273628,147313,2364319,0.0623,,
2018,3,21,3,6053717,272417,3681254,0.074,,
2018,3,25,3,9268952,417103,5844357,0.0714,,
2018,3,29,3,10165038,457427,5056750,0.0905,,
2018,3,38,3,1611119,72500,615077,0.1179,,
2018,3,41,3,5836436,262640,3509161,0.0748,,
2018,3,48,3,41103841,1849673,22899863,0.0808,,
2018,3,51,3,11680290,525613,7056421,0.0745,,
2018,4,2,1,130423,53604,590760,0.0907,,
2018,4,5,1,349578,143676,2465297,0.0583,,
2018,4,8,1,983583,404253,4715895,0.0857,,
2018,4,9,1,577703,237436,3019150,0.0786,,
2018,4,12,1,3202792,1316347,17980787,0.0732,,
2018,4,17,1,1567726,644336,10533371,0.0612,,
2018,4,20,1,355618,146159,2364319,0.0618,,
2018,4,21,1,658357,270585,3681254,0.0735,,
2018,4,22,1,763637,313855,3803169,0.0825,,
2018,4,25,1,1130526,464646,5844357,0.0795,,
2018,4,29,1,1094243,449734,5056750,0.0889,,
2018,4,38,1,149221,61330,615077,0.0997,,
2018,4,48,1,3441133,1414306,22899863,0.0618,,
2018,4,51,1,896245,368357,7056421,0.0522,,
2018,4,55,1,828298,340431,4829270,0.0705,,
2018,4,2,2,172554,22259,590760,0.0377,,
2018,4,5,2,388767,50151,2465297,0.0203,,
2018,4,8,2,1366953,176337,4715895,0.0374,,
2018,4,9,2,1046670,135020,3019150,0.0447,,
2018,4,12,2,5864658,756541,17980787,0.0421,,
2018,4,17,2,2742556,353790,10533371,0.0336,,
2018,4,21,2,501400,64681,3681254,0.0176,,
2018,4,22,2,803821,103693,3803169,0.0273,,
2018,4,25,2,2122841,273846,5844357,0.0469,,
2018,4,29,2,1150705,148441,5056750,0.0294,,
2018,4,38,2,165481,21347,615077,0.0347,,
2018,4,41,2,1354141,174684,3509161,0.0498,,
2018,4,48,2,5100960,658024,22899863,0.0287,,
2018,4,51,2,2119923,273470,7056421,0.0388,,
2018,4,55,2,1232836,159036,4829270,0.0329,,
2018,4,2,3,1055553,47500,590760,0.0804,,
2018,4,5,3,4278354,192526,2465297,0.0781,,
2018,4,8,3,9283901,417776,4715895,0.0886,,
2018,4,9,3,4089022,184006,3019150,0.0609,,
2018,4,12,3,34197933,1538907,17980787,0.0856,,
2018,4,17,3,18619331,837870,10533371,0.0795,,
2018,4,20,3,4589267,206517,2364319,0.0873,,
2018,4,21,3,6536486,294142,3681254,0.0799,,
2018,4,25,3,9990808,449586,5844357,0.0769,,
2018,4,29,3,10513356,473101,5056750,0.0936,,
2018,4,38,3,1790521,80573,615077,0.131,,
2018,4,41,3,6715475,302196,3509161,0.0861,,
2018,4,48,3,55511953,2498038,22899863,0.1091,,
2018,4,51,3,11825435,532145,7056421,0.0754,,
2018,5,2,1,170517,70082,590760,0.1186,,
2018,5,5,1,345357,141942,2465297,0.0576,,
2018,5,8,1,1280263,526188,4715895,0.1116,,
2018,5,9,1,651780,267882,3019150,0.0887,,
2018,5,12,1,4438432,1824195,17980787,0.1015,,
2018,5,17,1,2106508,865775,10533371,0.0822,,
2018,5,20,1,381561,156821,2364319,0.0663,,
2018,5,21,1,634085,260609,3681254,0.0708,,
2018,5,22,1,866494,356129,3803169,0.0936,,
2018,5,25,1,1243967,511271,5844357,0.0875,,
2018,5,29,1,1150294,472771,5056750,0.0935,,
2018,5,38,1,178910,73532,615077,0.1195,,
2018,5,48,1,3066434,1260304,22899863,0.055,,
2018,5,51,1,1007599,414123,7056421,0.0587,,
2018,5,55,1,1411063,579947,4829270,0.1201,,
2018,5,2,2,227382,29332,590760,0.0497,,
2018,5,5,2,386407,49846,2465297,0.0202,,
2018,5,8,2,1619821,208957,4715895,0.0443,,
2018,5,9,2,1218370,157170,3019150,0.0521,,
2018,5,12,2,6269549,808772,17980787,0.045,,
2018,5,17,2,3436581,443319,10533371,0.0421,,
2018,5,21,2,543216,70075,3681254,0.019,,
2018,5,22,2,866099,111727,3803169,0.0294,,
2018,5,25,2,2608430,336487,5844357,0.0576,,
2018,5,29,2,1437551,185444,5056750,0.0367,,
2018,5,38,2,118802,15325,615077,0.0249,,
2018,5,41,2,1144124,147592,3509161,0.0421,,
2018,5,48,2,4493748,579693,22899863,0.0253,,
2018,5,51,2,2402391,309908,7056421,0.0439,,
2018,5,55,2,1233138,159075,4829270,0.0329,,
2018,5,2,3,1471144,66201,590760,0.1121,,
2018,5,5,3,4168817,187597,2465297,0.0761,,
2018,5,8,3,11391585,512621,4715895,0.1087,,
2018,5,9,3,5292315,238154,3019150,0.0789,,
2018,5,12,3,38204836,1719218,17980787,0.0956,,
2018,5,17,3,27076451,1218440,10533371,0.1157,,
2018,5,20,3,4229828,190342,2364319,0.0805,,
2018,5,21,3,6077525,273489,3681254,0.0743,,
2018,5,25,3,11980166,539107,5844357,0.0922,,
2018,5,29,3,11351765,510829,5056750,0.101,,
2018,5,38,3,2002751,90124,615077,0.1465,,
2018,5,41,3,8317656,374295,3509161,0.1067,,
2018,5,48,3,49532983,2228984,22899863,0.0973,,
2018,5,51,3,14932272,671952,7056421,0.0952,,
2018,6,2,1,178321,73290,590760,0.1241,,
2018,6,5,1,356892,146683,2465297,0.0595,,
2018,6,8,1,1443123,593124,4715895,0.1258,,
2018,6,9,1,725985,298380,3019150,0.0988,,
2018,6,12,1,4556683,1872797,17980787,0.1042,,
2018,6,17,1,2300859,945653,10533371,0.0898,,
2018,6,20,1,410545,168734,2364319,0.0714,,
2018,6,21,1,669299,275082,3681254,0.0747,,
2018,6,22,1,817489,335988,3803169,0.0883,,
2018,6,25,1,1886511,775356,5844357,0.1327,,
2018,6,29,1,1105612,454407,5056750,0.0899,,
2018,6,38,1,198113,81424,615077,0.1324,,
2018,6,48,1,3430558,1409959,22899863,0.0616,,
2018,6,51,1,1000336,411138,7056421,0.0583,,
2018,6,55,1,1353176,556155,4829270,0.1152,,
2018,6,2,2,238895,30818,590760,0.0522,,
2018,6,5,2,386132,49811,2465297,0.0202,,
2018,6,8,2,1648142,212610,4715895,0.0451,,
2018,6,9,2,1225289,158062,3019150,0.0524,,
2018,6,12,2,5287887,682137,17980787,0.0379,,
2018,6,17,2,3310542,427060,10533371,0.0405,,
2018,6,21,2,594336,76669,3681254,0.0208,,
2018,6,22,2,773656,99802,3803169,0.0262,,
2018,6,25,2,3188854,411362,5844357,0.0704,,
2018,6,29,2,1232223,158957,5056750,0.0314,,
2018,6,38,2,115738,14930,615077,0.0243,,
2018,6,41,2,1226729,158248,3509161,0.0451,,
2018,6,48,2,5265589,679261,22899863,0.0297,,
2018,6,51,2,2210286,285127,7056421,0.0404,,
2018,6,55,2,1349861,174132,4829270,0.0361,,
2018,6,2,3,1530573,68876,590760,0.1166,,
2018,6,5,3,4358800,196146,2465297,0.0796,,
2018,6,8,3,12141166,546352,4715895,0.1159,,
2018,6,9,3,5525896,248665,3019150,0.0824,,
2018,6,12,3,36300447,1633520,17980787,0.0908,,
2018,6,17,3,25327016,1139716,10533371,0.1082,,
2018,6,20,3,5032461,226461,2364319,0.0958,,
2018,6,21,3,6706676,301800,3681254,0.082,,
2018,6,25,3,11500753,517534,5844357,0.0886,,
2018,6,29,3,12407177,558323,5056750,0.1104,,
2018,6,38,3,2482170,111698,615077,0.1816,,
2018,6,41,3,8865811,398961,3509161,0.1137,,
2018,6,48,3,63190179,2843558,22899863,0.1242,,
2018,6,51,3,14031257,631407,7056421,0.0895,,
2018,7,2,1,177449,72932,590760,0.1235,,
2018,7,5,1,321088,131967,2465297,0.0535,,
2018,7,8,1,1081737,444594,4715895,0.0943,,
2018,7,9,1,641849,263800,3019150,0.0874,,
2018,7,12,1,2981875,1225551,17980787,0.0682,,
2018,7,17,1,1543075,634204,10533371,0.0602,,
2018,7,20,1,437930,179989,2364319,0.0761,,
2018,7,21,1,728707,299499,3681254,0.0814,,
2018,7,22,1,715762,294178,3803169,0.0774,,
2018,7,25,1,894598,367680,5844357,0.0629,,
2018,7,29,1,933718,383758,5056750,0.0759,,
2018,7,38,1,160418,65932,615077,0.1072,,
2018,7,48,1,3204869,1317201,22899863,0.0575,,
2018,7,51,1,965704,396904,7056421,0.0562,,
2018,7,55,1,1229870,505476,4829270,0.1047,,
2018,7,2,2,221210,28536,590760,0.0483,,
2018,7,5,2,409359,52807,2465297,0.0214,,
2018,7,8,2,1457177,187976,4715895,0.0399,,
2018,7,9,2,1140290,147097,3019150,0.0487,,
2018,7,12,2,5098826,657749,17980787,0.0366,,
2018,7,17,2,2787479,359585,10533371,0.0341,,
2018,7,21,2,508052,65539,3681254,0.0178,,
2018,7,22,2,751299,96918,3803169,0.0255,,
2018,7,25,2,1867570,240917,5844357,0.0412,,
2018,7,29,2,986304,127233,5056750,0.0252,,
2018,7,38,2,120686,15568,615077,0.0253,,
2018,7,41,2,1467037,189248,3509161,0.0539,,
2018,7,48,2,5000171,645022,22899863,0.0282,,
2018,7,51,2,2155913,278113,7056421,0.0394,,
2018,7,55,2,1240215,159988,4829270,0.0331,,
2018,7,2,3,1564383,70397,590760,0.1192,,
2018,7,5,3,4509213,202915,2465297,0.0823,,
2018,7,8,3,11300509,508523,4715895,0.1078,,
2018,7,9,3,5135462,231096,3019150,0.0765,,
2018,7,12,3,33631333,1513410,17980787,0.0842,,
2018,7,17,3,22907899,1030855,10533371,0.0979,,
2018,7,20,3,5449396,245223,2364319,0.1037,,
2018,7,21,3,7159735,322188,3681254,0.0875,,
2018,7,25,3,11339456,510276,5844357,0.0873,,
2018,7,29,3,11774784,529865,5056750,0.1048,,
2018,7,38,3,1916998,86265,615077,0.1403,,
2018,7,41,3,10570110,475655,3509161,0.1355,,
2018,7,48,3,57209042,2574407,22899863,0.1124,,
2018,7,51,3,13257385,596582,7056421,0.0845,,
2018,8,2,1,178962,73554,590760,0.1245,,
2018,8,5,1,252668,103846,2465297,0.0421,,
2018,8,8,1,1265508,520124,4715895,0.1103,,
2018,8,9,1,550712,226343,3019150,0.075,,
2018,8,12,1,3397861,1396521,17980787,0.0777,,
2018,8,17,1,1853401,761748,10533371,0.0723,,
2018,8,20,1,331830,136382,2364319,0.0577,,
2018,8,21,1,527068,216625,3681254,0.0588,,
2018,8,22,1,771335,317019,3803169,0.0834,,
2018,8,25,1,1094063,449660,5844357,0.0769,,
2018,8,29,1,1162436,477761,5056750,0.0945,,
2018,8,38,1,171044,70299,615077,0.1143,,
2018,8,48,1,3405226,1399548,22899863,0.0611,,
2018,8,51,1,1007129,413930,7056421,0.0587,,
2018,8,55,1,1374781,565035,4829270,0.117,,
2018,8,2,2,255902,33011,590760,0.0559,,
2018,8,5,2,297001,38313,2465297,0.0155,,
2018,8,8,2,1821044,234915,4715895,0.0498,,
2018,8,9,2,1060886,136854,3019150,0.0453,,
2018,8,12,2,5791934,747160,17980787,0.0416,,
2018,8,17,2,3261365,420716,10533371,0.0399,,
2018,8,21,2,444822,57382,3681254,0.0156,,
2018,8,22,2,853196,110062,3803169,0.0289,,
2018,8,25,2,2384862,307647,5844357,0.0526,,
2018,8,29,2,1403879,181100,5056750,0.0358,,
2018,8,38,2,116317,15005,615077,0.0244,,
2018,8,41,2,1280991,165248,3509161,0.0471,,
2018,8,48,2,4830993,623198,22899863,0.0272,,
2018,8,51,2,2382440,307335,7056421,0.0436,,
2018,8,55,2,1178451,152020,4829270,0.0315,,
2018,8,2,3,1580226,71110,590760,0.1204,,
2018,8,5,3,4990779,224585,2465297,0.0911,,
2018,8,8,3,12419993,558900,4715895,0.1185,,
2018,8,9,3,5597356,251881,3019150,0.0834,,
2018,8,12,3,38107995,1714860,17980787,0.0954,,
2018,8,17,3,26933183,1211993,10533371,0.1151,,
2018,8,20,3,5094179,229238,2364319,0.097,,
2018,8,21,3,6870753,309184,3681254,0.084,,
2018,8,25,3,12539400,564273,5844357,0.0966,,
2018,8,29,3,11894850,535268,5056750,0.1059,,
2018,8,38,3,1774825,79867,615077,0.1298,,
2018,8,41,3,9652658,434370,3509161,0.1238,,
2018,8,48,3,53723559,2417560,22899863,0.1056,,
2018,8,51,3,14673216,660295,7056421,0.0936,,
2018,9,2,1,135865,55841,590760,0.0945,,
2018,9,5,1,345806,142126,2465297,0.0577,,
2018,9,8,1,1049497,431343,4715895,0.0915,,
2018,9,9,1,536113,220342,3019150,0.073,,
2018,9,12,1,2986978,1227648,17980787,0.0683,,
2018,9,17,1,1553666,638557,10533371,0.0606,,
2018,9,20,1,380519,156393,2364319,0.0661,,
2018,9,21,1,652752,268281,3681254,0.0729,,
2018,9,22,1,637871,262165,3803169,0.0689,,
2018,9,25,1,1194699,491021,5844357,0.084,,
2018,9,29,1,1113731,457744,5056750,0.0905,,
2018,9,38,1,149943,61627,615077,0.1002,,
2018,9,48,1,3018084,1240433,22899863,0.0542,,
2018,9,51,1,1095807,450377,7056421,0.0638,,
2018,9,55,1,1376080,565569,4829270,0.1171,,
2018,9,2,2,189359,24427,590760,0.0413,,
2018,9,5,2,347540,44833,2465297,0.0182,,
2018,9,8,2,1348294,173930,4715895,0.0369,,
2018,9,9,2,1014429,130861,3019150,0.0433,,
2018,9,12,2,4627145,596902,17980787,0.0332,,
2018,9,17,2,2544066,328185,10533371,0.0312,,
2018,9,21,2,586232,75624,3681254,0.0205,,
2018,9,22,2,697201,89939,3803169,0.0236,,
2018,9,25,2,2320564,299353,5844357,0.0512,,
2018,9,29,2,1071190,138183,5056750,0.0273,,
2018,9,38,2,101273,13064,615077,0.0212,,
2018,9,41,2,1696347,218829,3509161,0.0624,,
2018,9,48,2,5200953,670923,22899863,0.0293,,
2018,9,51,2,1946289,251071,7056421,0.0356,,
2018,9,55,2,1218091,157134,4829270,0.0325,,
2018,9,2,3,1087937,48957,590760,0.0829,,
2018,9,5,3,4784104,215285,2465297,0.0873,,
2018,9,8,3,9899956,445498,4715895,0.0945,,
2018,9,9,3,4258036,191612,3019150,0.0635,,
2018,9,12,3,30145019,1356526,17980787,0.0754,,
2018,9,17,3,19971793,898731,10533371,0.0853,,
2018,9,20,3,5259712,236687,2364319,0.1001,,
2018,9,21,3,7615460,342696,3681254,0.0931,,
2018,9,25,3,9612033,432541,5844357,0.074,,
2018,9,29,3,10298927,463452,5056750,0.0917,,
2018,9,38,3,1506137,67776,615077,0.1102,,
2018,9,41,3,9229971,415349,3509161,0.1184,,
2018,9,48,3,59952237,2697851,22899863,0.1178,,
2018,9,51,3,11619707,522887,7056421,0.0741,,
2018,10,2,1,152529,62690,590760,0.1061,,
2018,10,5,1,298046,122497,2465297,0.0497,,
2018,10,8,1,1204850,495193,4715895,0.105,,
2018,10,9,1,802490,329823,3019150,0.1092,,
2018,10,12,1,4060049,1668680,17980787,0.0928,,
2018,10,17,1,2039356,838175,10533371,0.0796,,
2018,10,20,1,376956,154929,2364319,0.0655,,
2018,10,21,1,574674,236191,3681254,0.0642,,
2018,10,22,1,859410,353217,3803169,0.0929,,
2018,10,25,1,1248965,513324,5844357,0.0878,,
2018,10,29,1,1151634,473321,5056750,0.0936,,
2018,10,38,1,176413,72506,615077,0.1179,,
2018,10,48,1,2848891,1170894,22899863,0.0511,,
2018,10,51,1,967868,397794,7056421,0.0564,,
2018,10,55,1,1208789,496812,4829270,0.1029,,
2018,10,2,2,202789,26160,590760,0.0443,,
2018,10,5,2,356229,45954,2465297,0.0186,,
2018,10,8,2,1662984,214525,4715895,0.0455,,
2018,10,9,2,1377574,177707,3019150,0.0589,,
2018,10,12,2,6577915,848551,17980787,0.0472,,
2018,10,17,2,3508190,452557,10533371,0.043,,
2018,10,21,2,463856,59837,3681254,0.0163,,
2018,10,22,2,899561,116043,3803169,0.0305,,
2018,10,25,2,2479417,319845,5844357,0.0547,,
2018,10,29,2,1568832,202379,5056750,0.04,,
2018,10,38,2,146938,18955,615077,0.0308,,
2018,10,41,2,1267905,163560,3509161,0.0466,,
2018,10,48,2,4354187,561690,22899863,0.0245,,
2018,10,51,2,2341136,302007,7056421,0.0428,,
2018,10,55,2,1101436,142085,4829270,0.0294,,
2018,10,2,3,1086298,48883,590760,0.0827,,
2018,10,5,3,4004104,180185,2465297,0.0731,,
2018,10,8,3,9395392,422793,4715895,0.0897,,
2018,10,9,3,4223248,190046,3019150,0.0629,,
2018,10,12,3,34407126,1548321,17980787,0.0861,,
2018,10,17,3,19630493,883372,10533371,0.0839,,
2018,10,20,3,3561319,160259,2364319,0.0678,,
2018,10,21,3,5697986,256409,3681254,0.0697,,
2018,10,25,3,9798419,440929,5844357,0.0754,,
2018,10,29,3,10317572,464291,5056750,0.0918,,
2018,10,38,3,1595451,71795,615077,0.1167,,
2018,10,41,3,8020923,360942,3509161,0.1029,,
2018,10,48,3,46822891,2107030,22899863,0.092,,
2018,10,51,3,12496152,562327,7056421,0.0797,,
2018,11,2,1,155097,63745,590760,0.1079,,
2018,11,5,1,358428,147314,2465297,0.0598,,
2018,11,8,1,1250496,513954,4715895,0.109,,
2018,11,9,1,715012,293870,3019150,0.0973,,
2018,11,12,1,4070137,1672826,17980787,0.093,,
2018,11,17,1,1936351,795840,10533371,0.0756,,
2018,11,20,1,449291,184658,2364319,0.0781,,
2018,11,21,1,716661,294548,3681254,0.08,,
2018,11,22,1,847895,348485,3803169,0.0916,,
2018,11,25,1,1266495,520530,5844357,0.0891,,
2018,11,29,1,1201414,493781,5056750,0.0976,,
2018,11,38,1,166521,68440,615077,0.1113,,
2018,11,48,1,3531685,1451523,22899863,0.0634,,
2018,11,51,1,1095807,450377,7056421,0.0638,,
2018,11,55,1,1484312,610052,4829270,0.1263,,
2018,11,2,2,215188,27759,590760,0.047,,
2018,11,5,2,359949,46433,2465297,0.0188,,
2018,11,8,2,1806804,233078,4715895,0.0494,,
2018,11,9,2,1390996,179438,3019150,0.0594,,
2018,11,12,2,7002575,903332,17980787,0.0502,,
2018,11,17,2,3578774,461662,10533371,0.0438,,
2018,11,21,2,569180,73424,3681254,0.0199,,
2018,11,22,2,957216,123481,3803169,0.0325,,
2018,11,25,2,2773591,357793,5844357,0.0612,,
2018,11,29,2,1342537,173187,5056750,0.0342,,
2018,11,38,2,182788,23580,615077,0.0383,,
2018,11,41,2,1368206,176499,3509161,0.0503,,
2018,11,48,2,5323180,686690,22899863,0.03,,
2018,11,51,2,2655317,342536,7056421,0.0485,,
2018,11,55,2,1422139,183456,4829270,0.038,,
2018,11,2,3,973567,43811,590760,0.0742,,
2018,11,5,3,4380433,197120,2465297,0.08,,
2018,11,8,3,9287564,417940,4715895,0.0886,,
2018,11,9,3,4060576,182726,3019150,0.0605,,
2018,11,12,3,36681679,1650676,17980787,0.0918,,
2018,11,17,3,19827031,892216,10533371,0.0847,,
2018,11,20,3,4254687,191461,2364319,0.081,,
2018,11,21,3,5061122,227750,3681254,0.0619,,
2018,11,25,3,7966432,358489,5844357,0.0613,,
2018,11,29,3,9289531,418029,5056750,0.0827,,
2018,11,38,3,1465749,65959,615077,0.1072,,
2018,11,41,3,7385184,332333,3509161,0.0947,,
2018,11,48,3,50724282,2282593,22899863,0.0997,,
2018,11,51,3,12059464,542676,7056421,0.0769,,
2018,12,2,1,165742,68120,590760,0.1153,,
2018,12,5,1,344947,141773,2465297,0.0575,,
2018,12,8,1,1622016,666649,4715895,0.1414,,
2018,12,9,1,614817,252690,3019150,0.0837,,
2018,12,12,1,5432807,2232884,17980787,0.1242,,
2018,12,17,1,2655303,1091330,10533371,0.1036,,
2018,12,20,1,493104,202666,2364319,0.0857,,
2018,12,21,1,371157,152546,3681254,0.0414,,
2018,12,22,1,744776,306103,3803169,0.0805,,
2018,12,25,1,1718026,706108,5844357,0.1208,,
2018,12,29,1,1043505,428880,5056750,0.0848,,
2018,12,38,1,217572,89422,615077,0.1454,,
2018,12,48,1,3724451,1530749,22899863,0.0668,,
2018,12,51,1,1309657,538269,7056421,0.0763,,
2018,12,55,1,1021550,419857,4829270,0.0869,,
2018,12,2,2,225254,29058,590760,0.0492,,
2018,12,5,2,418345,53967,2465297,0.0219,,
2018,12,8,2,1988749,256549,4715895,0.0544,,
2018,12,9,2,1331032,171703,3019150,0.0569,,
2018,12,12,2,7167080,924553,17980787,0.0514,,
2018,12,17,2,3994377,515275,10533371,0.0489,,
2018,12,21,2,340984,43987,3681254,0.0119,,
2018,12,22,2,942114,121533,3803169,0.032,,
2018,12,25,2,3380994,436148,5844357,0.0746,,
2018,12,29,2,1310524,169058,5056750,0.0334,,
2018,12,38,2,207604,26781,615077,0.0435,,
2018,12,41,2,1447897,186779,3509161,0.0532,,
2018,12,48,2,5636307,727084,22899863,0.0318,,
2018,12,51,2,2642822,340924,7056421,0.0483,,
2018,12,55,2,1309617,168941,4829270,0.035,,
2018,12,2,3,970535,43674,590760,0.0739,,
2018,12,5,3,3625796,163161,2465297,0.0662,,
2018,12,8,3,9212772,414575,4715895,0.0879,,
2018,12,9,3,4321888,194485,3019150,0.0644,,
2018,12,12,3,35582602,1601217,17980787,0.0891,,
2018,12,17,3,20727202,932724,10533371,0.0885,,
2018,12,20,3,3609092,162409,2364319,0.0687,,
2018,12,21,3,8900807,400536,3681254,0.1088,,
2018,12,25,3,8298399,373428,5844357,0.0639,,
2018,12,29,3,8842900,397930,5056750,0.0787,,
2018,12,38,3,1500258,67512,615077,0.1098,,
2018,12,41,3,6662312,299804,3509161,0.0854,,
2018,12,48,3,50219365,2259871,22899863,0.0987,,
2018,12,51,3,11578500,521033,7056421,0.0738,,
2019,1,2,1,112835,46375,589481,0.0787,,
2019,1,5,1,349681,143719,2476087,0.058,,
2019,1,8,1,889500,365585,4789291,0.0763,,
2019,1,9,1,614817,252690,3019188,0.0837,,
2019,1,12,1,3281500,1348697,18207522,0.0741,,
2019,1,17,1,1121828,461071,10512479,0.0439,,
2019,1,20,1,404282,166160,2371396,0.0701,,
2019,1,21,1,1113109,457488,3691561,0.1239,,
2019,1,22,1,583408,239780,3799736,0.0631,,
2019,1,25,1,715974,294265,5862386,0.0502,,
2019,1,29,1,835196,343266,5077875,0.0676,,
2019,1,38,1,129706,53309,617880,0.0863,,
2019,1,48,1,4322857,1776694,23257363,0.0764,,
2019,1,51,1,871692,358265,7094962,0.0505,,
2019,1,55,1,1479955,608262,4851640,0.1254,,
2019,1,2,2,147783,19064,589481,0.0323,,
2019,1,5,2,361037,46574,2476087,0.0188,,
2019,1,8,2,1265000,163185,4789291,0.0341,,
2019,1,9,2,1331032,171703,3019188,0.0569,,
2019,1,12,2,6351964,819403,18207522,0.045,,
2019,1,17,2,2116018,272966,10512479,0.026,,
2019,1,21,2,956386,123374,3691561,0.0334,,
2019,1,22,2,649340,83765,3799736,0.022,,
2019,1,25,2,1417057,182800,5862386,0.0312,,
2019,1,29,2,1291658,166624,5077875,0.0328,,
2019,1,38,2,96440,12441,617880,0.0201,,
2019,1,41,2,1517931,195813,3547474,0.0552,,
2019,1,48,2,5959540,768781,23257363,0.0331,,
2019,1,51,2,2096768,270483,7094962,0.0381,,
2019,1,55,2,1249855,161231,4851640,0.0332,,
2019,1,2,3,873240,39296,589481,0.0667,,
2019,1,5,3,2588267,116472,2476087,0.047,,
2019,1,8,3,9870200,444159,4789291,0.0927,,
2019,1,9,3,4321888,194485,3019188,0.0644,,
2019,1,12,3,32535327,1464090,18207522,0.0804,,
2019,1,17,3,15650982,704294,10512479,0.067,,
2019,1,20,3,3645000,164025,2371396,0.0692,,
2019,1,21,3,4951258,222807,3691561,0.0604,,
2019,1,25,3,8561962,385288,5862386,0.0657,,
2019,1,29,3,8527874,383754,5077875,0.0756,,
2019,1,38,3,1589363,71521,617880,0.1158,,
2019,1,41,3,6810339,306465,3547474,0.0864,,
2019,1,48,3,51497846,2317403,23257363,0.0996,,
2019,1,51,3,10844087,487984,7094962,0.0688,,
2019,2,2,1,121494,49934,589481,0.0847,,
2019,2,5,1,294517,121047,2476087,0.0489,,
2019,2,8,1,994500,408740,4789291,0.0853,,
2019,2,9,1,613008,251946,3019188,0.0834,,
2019,2,12,1,3487661,1433429,18207522,0.0787,,
2019,2,17,1,1543757,634484,10512479,0.0604,,
2019,2,20,1,374496,153918,2371396,0.0649,,
2019,2,21,1,482628,198360,3691561,0.0537,,
2019,2,22,1,627077,257729,3799736,0.0678,,
2019,2,25,1,853131,350637,5862386,0.0598,,
2019,2,29,1,913500,375449,5077875,0.0739,,
2019,2,38,1,152591,62715,617880,0.1015,,
2019,2,48,1,3337450,1371692,23257363,0.059,,
2019,2,51,1,880730,361980,7094962,0.051,,
2019,2,55,1,993360,408271,4851640,0.0842,,
2019,2,2,2,167047,21549,589481,0.0366,,
2019,2,5,2,423041,54572,2476087,0.022,,
2019,2,8,2,1509800,194764,4789291,0.0407,,
2019,2,9,2,969487,125064,3019188,0.0414,,
2019,2,12,2,6352335,819451,18207522,0.045,,
2019,2,17,2,2752402,355060,10512479,0.0338,,
2019,2,21,2,434416,56040,3691561,0.0152,,
2019,2,22,2,736633,95026,3799736,0.025,,
2019,2,25,2,1856566,239497,5862386,0.0409,,
2019,2,29,2,1103098,142300,5077875,0.028,,
2019,2,38,2,102301,13197,617880,0.0214,,
2019,2,41,2,1148370,148140,3547474,0.0418,,
2019,2,48,2,4511379,581968,23257363,0.025,,
2019,2,51,2,1997558,257685,7094962,0.0363,,
2019,2,55,2,1193185,153921,4851640,0.0317,,
2019,2,2,3,798394,35928,589481,0.0609,,
2019,2,5,3,3766917,169511,2476087,0.0685,,
2019,2,8,3,7869800,354141,4789291,0.0739,,
2019,2,9,3,3254323,146445,3019188,0.0485,,
2019,2,12,3,31784765,1430314,18207522,0.0786,,
2019,2,17,3,16252766,731374,10512479,0.0696,,
2019,2,20,3,4040178,181808,2371396,0.0767,,
2019,2,21,3,2539880,114295,3691561,0.031,,
2019,2,25,3,7562374,340307,5862386,0.058,,
2019,2,29,3,3866220,173980,5077875,0.0343,,
2019,2,38,3,1246883,56110,617880,0.0908,,
2019,2,41,3,6489936,292047,3547474,0.0823,,
2019,2,48,3,43688468,1965981,23257363,0.0845,,
2019,2,51,3,9654010,434430,7094962,0.0612,,
2019,3,2,1,148174,60900,589481,0.1033,,
2019,3,5,1,346312,142334,2476087,0.0575,,
2019,3,8,1,1179300,484692,4789291,0.1012,,
2019,3,9,1,559154,229812,3019188,0.0761,,
2019,3,12,1,4563359,1875541,18207522,0.103,,
2019,3,17,1,1740171,715210,10512479,0.068,,
2019,3,20,1,347835,142960,2371396,0.0603,,
2019,3,21,1,525623,216031,3691561,0.0585,,
2019,3,22,1,642012,263867,3799736,0.0694,,
2019,3,25,1,1097400,451031,5862386,0.0769,,
2019,3,29,1,1066996,438535,5077875,0.0864,,
2019,3,38,1,154488,63494,617880,0.1028,,
2019,3,48,1,2996012,1231361,23257363,0.0529,,
2019,3,51,1,1005870,413413,7094962,0.0583,,
2019,3,55,1,1096995,450865,4851640,0.0929,,
2019,3,2,2,181054,23356,589481,0.0396,,
2019,3,5,2,355692,45884,2476087,0.0185,,
2019,3,8,2,1457600,188030,4789291,0.0393,,
2019,3,9,2,1110380,143239,3019188,0.0474,,
2019,3,12,2,6401271,825764,18207522,0.0454,,
2019,3,17,2,2739196,353356,10512479,0.0336,,
2019,3,21,2,468460,60431,3691561,0.0164,,
2019,3,22,2,665549,85856,3799736,0.0226,,
2019,3,25,2,1972242,254419,5862386,0.0434,,
2019,3,29,2,1218399,157173,5077875,0.031,,
2019,3,38,2,114188,14730,617880,0.0238,,
2019,3,41,2,804219,103744,3547474,0.0292,,
2019,3,48,2,4587127,591739,23257363,0.0254,,
2019,3,51,2,2024890,261211,7094962,0.0368,,
2019,3,55,2,903526,116555,4851640,0.024,,
2019,3,2,3,991958,44638,589481,0.0757,,
2019,3,5,3,3351550,150820,2476087,0.0609,,
2019,3,8,3,9144200,411489,4789291,0.0859,,
2019,3,9,3,3908561,175885,3019188,0.0583,,
2019,3,12,3,38337662,1725195,18207522,0.0948,,
2019,3,17,3,18470241,831161,10512479,0.0791,,
2019,3,20,3,3191237,143606,2371396,0.0606,,
2019,3,21,3,5416692,243751,3691561,0.066,,
2019,3,25,3,9188115,413465,5862386,0.0705,,
2019,3,29,3,15450133,695256,5077875,0.1369,,
2019,3,38,3,1648439,74180,617880,0.1201,,
2019,3,41,3,6513284,293098,3547474,0.0826,,
2019,3,48,3,40882717,1839722,23257363,0.0791,,
2019,3,51,3,11077218,498475,7094962,0.0703,,
2019,4,2,1,134471,55268,589481,0.0938,,
2019,4,5,1,390798,160618,2476087,0.0649,,
2019,4,8,1,1080000,443880,4789291,0.0927,,
2019,4,9,1,619710,254701,3019188,0.0844,,
2019,4,12,1,3980684,1636061,18207522,0.0899,,
2019,4,17,1,1764328,725139,10512479,0.069,,
2019,4,20,1,382075,157033,2371396,0.0662,,
2019,4,21,1,646427,265682,3691561,0.072,,
2019,4,22,1,797989,327974,3799736,0.0863,,
2019,4,25,1,1081744,444597,5862386,0.0758,,
2019,4,29,1,1176041,483353,5077875,0.0952,,
2019,4,38,1,163271,67105,617880,0.1086,,
2019,4,48,1,3101987,1274917,23257363,0.0548,,
2019,4,51,1,958907,394111,7094962,0.0555,,
2019,4,55,1,961913,395346,4851640,0.0815,,
2019,4,2,2,183087,23618,589481,0.0401,,
2019,4,5,2,410107,52904,2476087,0.0214,,
2019,4,8,2,1419600,183128,4789291,0.0382,,
2019,4,9,2,1092889,140983,3019188,0.0467,,
2019,4,12,2,6401102,825742,18207522,0.0454,,
2019,4,17,2,3009230,388191,10512479,0.0369,,
2019,4,21,2,443966,57272,3691561,0.0155,,
2019,4,22,2,829070,106950,3799736,0.0281,,
2019,4,25,2,2190469,282571,5862386,0.0482,,
2019,4,29,2,1144905,147693,5077875,0.0291,,
2019,4,38,2,178574,23036,617880,0.0373,,
2019,4,41,2,1799126,232087,3547474,0.0654,,
2019,4,48,2,4682710,604070,23257363,0.026,,
2019,4,51,2,2273268,293252,7094962,0.0413,,
2019,4,55,2,1170384,150979,4851640,0.0311,,
2019,4,2,3,1138078,51214,589481,0.0869,,
2019,4,5,3,3927721,176747,2476087,0.0714,,
2019,4,8,3,10324100,464585,4789291,0.097,,
2019,4,9,3,4317652,194294,3019188,0.0644,,
2019,4,12,3,36512011,1643040,18207522,0.0902,,
2019,4,17,3,20426985,919214,10512479,0.0874,,
2019,4,20,3,4790644,215579,2371396,0.0909,,
2019,4,21,3,6625345,298141,3691561,0.0808,,
2019,4,25,3,10644205,478989,5862386,0.0817,,
2019,4,29,3,10784167,485288,5077875,0.0956,,
2019,4,38,3,1866974,84014,617880,0.136,,
2019,4,41,3,7332998,329985,3547474,0.093,,
2019,4,48,3,49698799,2236446,23257363,0.0962,,
2019,4,51,3,12688000,570960,7094962,0.0805,,
2019,5,2,1,186968,76844,589481,0.1304,,
2019,5,5,1,318704,130988,2476087,0.0529,,
2019,5,8,1,692800,284741,4789291,0.0595,,
2019,5,9,1,682914,280678,3019188,0.093,,
2019,5,12,1,3975197,1633806,18207522,0.0897,,
2019,5,17,1,2019330,829945,10512479,0.0789,,
2019,5,20,1,433048,177983,2371396,0.0751,,
2019,5,21,1,688345,282910,3691561,0.0766,,
2019,5,22,1,870697,357857,3799736,0.0942,,
2019,5,25,1,1411975,580322,5862386,0.099,,
2019,5,29,1,1242466,510654,5077875,0.1006,,
2019,5,38,1,170688,70153,617880,0.1135,,
2019,5,48,1,3706135,1523221,23257363,0.0655,,
2019,5,51,1,1077971,443046,7094962,0.0624,,
2019,5,55,1,1202094,494061,4851640,0.1018,,
2019,5,2,2,228113,29427,589481,0.0499,,
2019,5,5,2,417464,53853,2476087,0.0217,,
2019,5,8,2,1132500,146093,4789291,0.0305,,
2019,5,9,2,1167169,150565,3019188,0.0499,,
2019,5,12,2,5852070,754917,18207522,0.0415,,
2019,5,17,2,3267160,421464,10512479,0.0401,,
2019,5,21,2,547324,70605,3691561,0.0191,,
2019,5,22,2,873486,112680,3799736,0.0297,,
2019,5,25,2,2598757,335240,5862386,0.0572,,
2019,5,29,2,1367710,176435,5077875,0.0347,,
2019,5,38,2,115579,14910,617880,0.0241,,
2019,5,41,2,1282560,165450,3547474,0.0466,,
2019,5,48,2,4936914,636862,23257363,0.0274,,
2019,5,51,2,2442422,315072,7094962,0.0444,,
2019,5,55,2,956820,123430,4851640,0.0254,,
2019,5,2,3,1482135,66696,589481,0.1131,,
2019,5,5,3,3893292,175198,2476087,0.0708,,
2019,5,8,3,11237100,505670,4789291,0.1056,,
2019,5,9,3,5137575,231191,3019188,0.0766,,
2019,5,12,3,39902901,1795631,18207522,0.0986,,
2019,5,17,3,24737971,1113209,10512479,0.1059,,
2019,5,20,3,4674086,210334,2371396,0.0887,,
2019,5,21,3,6846437,308090,3691561,0.0835,,
2019,5,25,3,12279204,552564,5862386,0.0943,,
2019,5,29,3,11836554,532645,5077875,0.1049,,
2019,5,38,3,2000065,90003,617880,0.1457,,
2019,5,41,3,8753450,393905,3547474,0.111,,
2019,5,48,3,53565686,2410456,23257363,0.1036,,
2019,5,51,3,14901691,670576,7094962,0.0945,,
2019,6,2,1,170403,70036,589481,0.1188,,
2019,6,5,1,409138,168156,2476087,0.0679,,
2019,6,8,1,1459200,599731,4789291,0.1252,,
2019,6,9,1,689069,283207,3019188,0.0938,,
2019,6,12,1,4520675,1857997,18207522,0.102,,
2019,6,17,1,2343799,963302,10512479,0.0916,,
2019,6,20,1,446707,183597,2371396,0.0774,,
2019,6,21,1,658565,270670,3691561,0.0733,,
2019,6,22,1,776186,319012,3799736,0.084,,
2019,6,25,1,1719934,706893,5862386,0.1206,,
2019,6,29,1,1253821,515320,5077875,0.1015,,
2019,6,38,1,199057,81812,617880,0.1324,,
2019,6,48,1,3896258,1601362,23257363,0.0689,,
2019,6,51,1,1021410,419800,7094962,0.0592,,
2019,6,55,1,1452495,596975,4851640,0.123,,
2019,6,2,2,240789,31062,589481,0.0527,,
2019,6,5,2,414683,53494,2476087,0.0216,,
2019,6,8,2,1537000,198273,4789291,0.0414,,
2019,6,9,2,1186273,153029,3019188,0.0507,,
2019,6,12,2,5269979,679827,18207522,0.0373,,
2019,6,17,2,3333476,430018,10512479,0.0409,,
2019,6,21,2,524308,67636,3691561,0.0183,,
2019,6,22,2,732886,94542,3799736,0.0249,,
2019,6,25,2,3001352,387174,5862386,0.066,,
2019,6,29,2,1185466,152925,5077875,0.0301,,
2019,6,38,2,120438,15537,617880,0.0251,,
2019,6,41,2,821343,105953,3547474,0.0299,,
2019,6,48,2,5108334,658975,23257363,0.0283,,
2019,6,51,2,2072070,267297,7094962,0.0377,,
2019,6,55,2,1282114,165393,4851640,0.0341,,
2019,6,2,3,1504534,67704,589481,0.1149,,
2019,6,5,3,4912813,221077,2476087,0.0893,,
2019,6,8,3,11682200,525699,4789291,0.1098,,
2019,6,9,3,5049966,227248,3019188,0.0753,,
2019,6,12,3,34822192,1566999,18207522,0.0861,,
2019,6,17,3,23549692,1059736,10512479,0.1008,,
2019,6,20,3,5146443,231590,2371396,0.0977,,
2019,6,21,3,5289084,238009,3691561,0.0645,,
2019,6,25,3,11349284,510718,5862386,0.0871,,
2019,6,29,3,11054300,497443,5077875,0.098,,
2019,6,38,3,2078521,93533,617880,0.1514,,
2019,6,41,3,8757701,394097,3547474,0.1111,,
2019,6,48,3,59972713,2698772,23257363,0.116,,
2019,6,51,3,13128229,590770,7094962,0.0833,,
2019,7,2,1,189167,77748,589481,0.1319,,
2019,7,5,1,315356,129611,2476087,0.0523,,
2019,7,8,1,1143600,470020,4789291,0.0981,,
2019,7,9,1,664130,272957,3019188,0.0904,,
2019,7,12,1,3280308,1348207,18207522,0.074,,
2019,7,17,1,1586093,651884,10512479,0.062,,
2019,7,20,1,318593,130942,2371396,0.0552,,
2019,7,21,1,768342,315789,3691561,0.0855,,
2019,7,22,1,759542,312172,3799736,0.0822,,
2019,7,25,1,1064889,437669,5862386,0.0747,,
2019,7,29,1,1081891,444657,5077875,0.0876,,
2019,7,38,1,173564,71335,617880,0.1155,,
2019,7,48,1,3217798,1322515,23257363,0.0569,,
2019,7,51,1,1030230,423424,7094962,0.0597,,
2019,7,55,1,1566315,643755,4851640,0.1327,,
2019,7,2,2,247820,31969,589481,0.0542,,
2019,7,5,2,379941,49012,2476087,0.0198,,
2019,7,8,2,1568800,202375,4789291,0.0423,,
2019,7,9,2,1111330,143362,3019188,0.0475,,
2019,7,12,2,4977809,642137,18207522,0.0353,,
2019,7,17,2,2879248,371423,10512479,0.0353,,
2019,7,21,2,558378,72031,3691561,0.0195,,
2019,7,22,2,789809,101885,3799736,0.0268,,
2019,7,25,2,1932807,249332,5862386,0.0425,,
2019,7,29,2,1074698,138636,5077875,0.0273,,
2019,7,38,2,116333,15007,617880,0.0243,,
2019,7,41,2,1498017,193244,3547474,0.0545,,
2019,7,48,2,4875374,628923,23257363,0.027,,
2019,7,51,2,2184457,281795,7094962,0.0397,,
2019,7,55,2,1306225,168503,4851640,0.0347,,
2019,7,2,3,1706457,76791,589481,0.1303,,
2019,7,5,3,4238546,190735,2476087,0.077,,
2019,7,8,3,11989100,539510,4789291,0.1126,,
2019,7,9,3,5605057,252228,3019188,0.0835,,
2019,7,12,3,35820962,1611943,18207522,0.0885,,
2019,7,17,3,25046919,1127111,10512479,0.1072,,
2019,7,20,3,5029650,226334,2371396,0.0954,,
2019,7,21,3,8267316,372029,3691561,0.1008,,
2019,7,25,3,12022585,541016,5862386,0.0923,,
2019,7,29,3,10850607,488277,5077875,0.0962,,
2019,7,38,3,2077113,93470,617880,0.1513,,
2019,7,41,3,8976955,403963,3547474,0.1139,,
2019,7,48,3,54824255,2467091,23257363,0.1061,,
2019,7,51,3,14141290,636358,7094962,0.0897,,
2019,8,2,1,170517,70082,589481,0.1189,,
2019,8,5,1,296477,121852,2476087,0.0492,,
2019,8,8,1,1259200,517531,4789291,0.1081,,
2019,8,9,1,576747,237043,3019188,0.0785,,
2019,8,12,1,3481109,1430736,18207522,0.0786,,
2019,8,17,1,1816467,746568,10512479,0.071,,
2019,8,20,1,340292,139860,2371396,0.059,,
2019,8,21,1,618356,254144,3691561,0.0688,,
2019,8,22,1,788021,323877,3799736,0.0852,,
2019,8,25,1,1230577,505767,5862386,0.0863,,
2019,8,29,1,1020151,419282,5077875,0.0826,,
2019,8,38,1,176413,72506,617880,0.1173,,
2019,8,48,1,3675961,1510820,23257363,0.065,,
2019,8,51,1,1068028,438959,7094962,0.0619,,
2019,8,55,1,1143042,469790,4851640,0.0968,,
2019,8,2,2,242007,31219,589481,0.053,,
2019,8,5,2,329855,42551,2476087,0.0172,,
2019,8,8,2,1539200,198557,4789291,0.0415,,
2019,8,9,2,1027047,132489,3019188,0.0439,,
2019,8,12,2,5450339,703094,18207522,0.0386,,
2019,8,17,2,2990235,385740,10512479,0.0367,,
2019,8,21,2,413778,53377,3691561,0.0145,,
2019,8,22,2,799035,103076,3799736,0.0271,,
2019,8,25,2,2270800,292933,5862386,0.05,,
2019,8,29,2,1106918,142792,5077875,0.0281,,
2019,8,38,2,109461,14120,617880,0.0229,,
2019,8,41,2,1529991,197369,3547474,0.0556,,
2019,8,48,2,4859768,626910,23257363,0.027,,
2019,8,51,2,2220196,286405,7094962,0.0404,,
2019,8,55,2,1350790,174252,4851640,0.0359,,
2019,8,2,3,1567534,70539,589481,0.1197,,
2019,8,5,3,4382154,197197,2476087,0.0796,,
2019,8,8,3,12581500,566168,4789291,0.1182,,
2019,8,9,3,5355822,241012,3019188,0.0798,,
2019,8,12,3,37629575,1693331,18207522,0.093,,
2019,8,17,3,25737407,1158183,10512479,0.1102,,
2019,8,20,3,4969956,223648,2371396,0.0943,,
2019,8,21,3,6898182,310418,3691561,0.0841,,
2019,8,25,3,12110737,544983,5862386,0.093,,
2019,8,29,3,11429358,514321,5077875,0.1013,,
2019,8,38,3,1810137,81456,617880,0.1318,,
2019,8,41,3,7189488,323527,3547474,0.0912,,
2019,8,48,3,56899320,2560469,23257363,0.1101,,
2019,8,51,3,14327950,644758,7094962,0.0909,,
2019,9,2,1,143787,59096,589481,0.1003,,
2019,9,5,1,309084,127033,2476087,0.0513,,
2019,9,8,1,1105700,454443,4789291,0.0949,,
2019,9,9,1,625783,257197,3019188,0.0852,,
2019,9,12,1,3269153,1343622,18207522,0.0738,,
2019,9,17,1,1760771,723677,10512479,0.0688,,
2019,9,20,1,362549,149008,2371396,0.0628,,
2019,9,21,1,343686,141255,3691561,0.0383,,
2019,9,22,1,701163,288178,3799736,0.0758,,
2019,9,25,1,1121543,460954,5862386,0.0786,,
2019,9,29,1,1193157,490388,5077875,0.0966,,
2019,9,38,1,173603,71351,617880,0.1155,,
2019,9,48,1,3204162,1316911,23257363,0.0566,,
2019,9,51,1,955443,392687,7094962,0.0553,,
2019,9,55,1,1200377,493355,4851640,0.1017,,
2019,9,2,2,182852,23588,589481,0.04,,
2019,9,5,2,319281,41187,2476087,0.0166,,
2019,9,8,2,1329400,171493,4789291,0.0358,,
2019,9,9,2,948079,122302,3019188,0.0405,,
2019,9,12,2,4782798,616981,18207522,0.0339,,
2019,9,17,2,2818018,363524,10512479,0.0346,,
2019,9,21,2,332586,42904,3691561,0.0116,,
2019,9,22,2,718027,92625,3799736,0.0244,,
2019,9,25,2,2173289,280354,5862386,0.0478,,
2019,9,29,2,1134079,146296,5077875,0.0288,,
2019,9,38,2,110647,14273,617880,0.0231,,
2019,9,41,2,1402974,180984,3547474,0.051,,
2019,9,48,2,4988884,643566,23257363,0.0277,,
2019,9,51,2,2072158,267308,7094962,0.0377,,
2019,9,55,2,1179182,152114,4851640,0.0314,,
2019,9,2,3,1066398,47988,589481,0.0814,,
2019,9,5,3,4432396,199458,2476087,0.0806,,
2019,9,8,3,10574700,475862,4789291,0.0994,,
2019,9,9,3,4179183,188063,3019188,0.0623,,
2019,9,12,3,30129493,1355827,18207522,0.0745,,
2019,9,17,3,19692667,886170,10512479,0.0843,,
2019,9,20,3,5543744,249469,2371396,0.1052,,
2019,9,21,3,4856448,218540,3691561,0.0592,,
2019,9,25,3,9172676,412770,5862386,0.0704,,
2019,9,29,3,10384234,467291,5077875,0.092,,
2019,9,38,3,1594504,71753,617880,0.1161,,
2019,9,41,3,9603374,432152,3547474,0.1218,,
2019,9,48,3,59852479,2693362,23257363,0.1158,,
2019,9,51,3,12159643,547184,7094962,0.0771,,
2019,10,2,1,151302,62185,589481,0.1055,,
2019,10,5,1,346958,142600,2476087,0.0576,,
2019,10,8,1,1265800,520244,4789291,0.1086,,
2019,10,9,1,768063,315674,3019188,0.1046,,
2019,10,12,1,4397862,1807521,18207522,0.0993,,
2019,10,17,1,2073333,852140,10512479,0.0811,,
2019,10,20,1,437660,179878,2371396,0.0759,,
2019,10,21,1,960122,394610,3691561,0.1069,,
2019,10,22,1,921046,378550,3799736,0.0996,,
2019,10,25,1,1576362,647885,5862386,0.1105,,
2019,10,29,1,1150842,472996,5077875,0.0931,,
2019,10,38,1,185505,76242,617880,0.1234,,
2019,10,48,1,3046515,1252118,23257363,0.0538,,
2019,10,51,1,1037498,426412,7094962,0.0601,,
2019,10,55,1,1409532,579318,4851640,0.1194,,
2019,10,2,2,190634,24592,589481,0.0417,,
2019,10,5,2,314465,40566,2476087,0.0164,,
2019,10,8,2,1723700,222357,4789291,0.0464,,
2019,10,9,2,1368519,176539,3019188,0.0585,,
2019,10,12,2,6678468,861522,18207522,0.0473,,
2019,10,17,2,3614716,466298,10512479,0.0444,,
2019,10,21,2,682956,88101,3691561,0.0239,,
2019,10,22,2,912246,117680,3799736,0.031,,
2019,10,25,2,2654180,342389,5862386,0.0584,,
2019,10,29,2,1427504,184148,5077875,0.0363,,
2019,10,38,2,141512,18255,617880,0.0295,,
2019,10,41,2,1414643,182489,3547474,0.0514,,
2019,10,48,2,4286491,552957,23257363,0.0238,,
2019,10,51,2,2456544,316894,7094962,0.0447,,
2019,10,55,2,1339557,172803,4851640,0.0356,,
2019,10,2,3,1062313,47804,589481,0.0811,,
2019,10,5,3,4573038,205787,2476087,0.0831,,
2019,10,8,3,10362600,466317,4789291,0.0974,,
2019,10,9,3,4346478,195592,3019188,0.0648,,
2019,10,12,3,36773108,1654790,18207522,0.0909,,
2019,10,17,3,20850816,938287,10512479,0.0893,,
2019,10,20,3,4305972,193769,2371396,0.0817,,
2019,10,21,3,6973140,313791,3691561,0.085,,
2019,10,25,3,8007589,360341,5862386,0.0615,,
2019,10,29,3,10168542,457584,5077875,0.0901,,
2019,10,38,3,1385239,62336,617880,0.1009,,
2019,10,41,3,7510612,337978,3547474,0.0953,,
2019,10,48,3,49106851,2209808,23257363,0.095,,
2019,10,51,3,13038180,586718,7094962,0.0827,,
2019,11,2,1,136281,56012,589481,0.095,,
2019,11,5,1,446508,183515,2476087,0.0741,,
2019,11,8,1,1066200,438208,4789291,0.0915,,
2019,11,9,1,723486,297353,3019188,0.0985,,
2019,11,12,1,4236520,1741210,18207522,0.0956,,
2019,11,17,1,1916479,787673,10512479,0.0749,,
2019,11,20,1,467782,192258,2371396,0.0811,,
2019,11,21,1,738921,303697,3691561,0.0823,,
2019,11,22,1,841629,345909,3799736,0.091,,
2019,11,25,1,1166837,479570,5862386,0.0818,,
2019,11,29,1,1305799,536684,5077875,0.1057,,
2019,11,38,1,152896,62840,617880,0.1017,,
2019,11,48,1,3694694,1518519,23257363,0.0653,,
2019,11,51,1,1171109,481326,7094962,0.0678,,
2019,11,55,1,1474343,605955,4851640,0.1249,,
2019,11,2,2,195845,25264,589481,0.0429,,
2019,11,5,2,415568,53608,2476087,0.0217,,
2019,11,8,2,1593000,205497,4789291,0.0429,,
2019,11,9,2,1374744,177342,3019188,0.0587,,
2019,11,12,2,7381488,952212,18207522,0.0523,,
2019,11,17,2,3378000,435762,10512479,0.0415,,
2019,11,21,2,580560,74892,3691561,0.0203,,
2019,11,22,2,940350,121305,3799736,0.0319,,
2019,11,25,2,2421445,312366,5862386,0.0533,,
2019,11,29,2,1300527,167768,5077875,0.033,,
2019,11,38,2,168722,21765,617880,0.0352,,
2019,11,41,2,1164342,150200,3547474,0.0423,,
2019,11,48,2,5089297,656519,23257363,0.0282,,
2019,11,51,2,2479875,319904,7094962,0.0451,,
2019,11,55,2,1463107,188741,4851640,0.0389,,
2019,11,2,3,952581,42866,589481,0.0727,,
2019,11,5,3,4269175,192113,2476087,0.0776,,
2019,11,8,3,9326600,419697,4789291,0.0876,,
2019,11,9,3,4067124,183021,3019188,0.0606,,
2019,11,12,3,34606811,1557307,18207522,0.0855,,
2019,11,17,3,19092456,859161,10512479,0.0817,,
2019,11,20,3,4486528,201894,2371396,0.0851,,
2019,11,21,3,7778669,350040,3691561,0.0948,,
2019,11,25,3,8521130,383451,5862386,0.0654,,
2019,11,29,3,9354295,420943,5077875,0.0829,,
2019,11,38,3,1516723,68253,617880,0.1105,,
2019,11,41,3,6932482,311962,3547474,0.0879,,
2019,11,48,3,55166861,2482509,23257363,0.1067,,
2019,11,51,3,11525317,518639,7094962,0.0731,,
2019,12,2,1,161523,66386,589481,0.1126,,
2019,12,5,1,409395,168261,2476087,0.068,,
2019,12,8,1,1177900,484117,4789291,0.1011,,
2019,12,9,1,693863,285178,3019188,0.0945,,
2019,12,12,1,5825463,2394265,18207522,0.1315,,
2019,12,17,1,2694110,1107279,10512479,0.1053,,
2019,12,20,1,410284,168627,2371396,0.0711,,
2019,12,21,1,668262,274656,3691561,0.0744,,
2019,12,22,1,1031522,423955,3799736,0.1116,,
2019,12,25,1,1832448,753136,5862386,0.1285,,
2019,12,29,1,1251898,514530,5077875,0.1013,,
2019,12,38,1,227198,93379,617880,0.1511,,
2019,12,48,1,3765449,1547600,23257363,0.0665,,
2019,12,51,1,1336932,549479,7094962,0.0774,,
2019,12,55,1,1263487,519293,4851640,0.107,,
2019,12,2,2,212680,27436,589481,0.0465,,
2019,12,5,2,385233,49695,2476087,0.0201,,
2019,12,8,2,1497100,193126,4789291,0.0403,,
2019,12,9,2,1331113,171714,3019188,0.0569,,
2019,12,12,2,7425007,957826,18207522,0.0526,,
2019,12,17,2,4276754,551701,10512479,0.0525,,
2019,12,21,2,562860,72609,3691561,0.0197,,
2019,12,22,2,1099610,141850,3799736,0.0373,,
2019,12,25,2,3414250,440438,5862386,0.0751,,
2019,12,29,2,1355424,174850,5077875,0.0344,,
2019,12,38,2,211461,27278,617880,0.0441,,
2019,12,41,2,1354573,174740,3547474,0.0493,,
2019,12,48,2,5451990,703307,23257363,0.0302,,
2019,12,51,2,2757294,355691,7094962,0.0501,,
2019,12,55,2,1241555,160161,4851640,0.033,,
2019,12,2,3,967735,43548,589481,0.0739,,
2019,12,5,3,3488029,156961,2476087,0.0634,,
2019,12,8,3,9503400,427653,4789291,0.0893,,
2019,12,9,3,4499695,202486,3019188,0.0671,,
2019,12,12,3,37192841,1673678,18207522,0.0919,,
2019,12,17,3,21176892,952960,10512479,0.0907,,
2019,12,20,3,3774539,169854,2371396,0.0716,,
2019,12,21,3,5755559,259000,3691561,0.0702,,
2019,12,25,3,9016289,405733,5862386,0.0692,,
2019,12,29,3,9547638,429644,5077875,0.0846,,
2019,12,38,3,1581953,71188,617880,0.1152,,
2019,12,41,3,6840035,307802,3547474,0.0868,,
2019,12,48,3,48725340,2192640,23257363,0.0943,,
2019,12,51,3,12098896,544450,7094962,0.0767,,
2020,1,2,1,121885,50095,589481,0.085,0.073,0.1643
2020,1,5,1,325925,133955,2476087,0.0541,0.0598,-0.0959
2020,1,8,1,896700,368544,4789291,0.077,0.0709,0.0854
2020,1,9,1,656658,269886,3019188,0.0894,0.067,0.3332
2020,1,12,1,3463591,1423536,18207522,0.0782,0.0692,0.1299
2020,1,17,1,1286982,528950,10512479,0.0503,0.0428,0.1746
2020,1,20,1,357762,147040,2371396,0.062,0.0639,-0.0289
2020,1,21,1,915314,376194,3691561,0.1019,0.0989,0.0309
2020,1,22,1,745114,306242,3799736,0.0806,0.0693,0.1638
2020,1,25,1,775435,318704,5862386,0.0544,0.0439,0.2377
2020,1,29,1,825776,339394,5077875,0.0668,0.0582,0.1491
2020,1,38,1,128193,52687,617880,0.0853,0.0859,-0.0068
2020,1,48,1,4654623,1913050,23257363,0.0823,0.0741,0.1105
2020,1,51,1,919804,378039,7094962,0.0533,0.0487,0.0949
2020,1,55,1,1505393,618717,4851640,0.1275,0.12,0.0631
2020,1,2,2,143291,18485,589481,0.0314,0.0313,0.0004
2020,1,5,2,431392,55650,2476087,0.0225,0.0222,0.0111
2020,1,8,2,1264300,163095,4789291,0.0341,0.033,0.031
2020,1,9,2,1329152,171461,3019188,0.0568,0.0428,0.3274
2020,1,12,2,6002247,774290,18207522,0.0425,0.0434,-0.0202
2020,1,17,2,2350544,303220,10512479,0.0288,0.0266,0.086
2020,1,21,2,732418,94482,3691561,0.0256,0.0284,-0.0984
2020,1,22,2,790085,101921,3799736,0.0268,0.0237,0.1309
2020,1,25,2,1472257,189921,5862386,0.0324,0.031,0.0439
2020,1,29,2,1260367,162587,5077875,0.032,0.0286,0.1183
2020,1,38,2,90482,11672,617880,0.0189,0.0199,-0.0527
2020,1,41,2,1517309,195733,3547474,0.0552,0.0527,0.0463
2020,1,48,2,6320419,815334,23257363,0.0351,0.0334,0.0488
2020,1,51,2,2038808,263006,7094962,0.0371,0.0363,0.0214
2020,1,55,2,1297703,167404,4851640,0.0345,0.0336,0.0266
2020,1,2,3,873146,39292,589481,0.0667,0.0638,0.0448
2020,1,5,3,3057175,137573,2476087,0.0556,0.0573,-0.0311
2020,1,8,3,8914300,401144,4789291,0.0838,0.0835,0.0026
2020,1,9,3,4291489,193117,3019188,0.064,0.0559,0.1442
2020,1,12,3,34260264,1541712,18207522,0.0847,0.0781,0.0839
2020,1,17,3,17297028,778366,10512479,0.074,0.0682,0.0863
2020,1,20,3,4223947,190078,2371396,0.0802,0.0718,0.1171
2020,1,21,3,5477229,246475,3691561,0.0668,0.0657,0.0156
2020,1,25,3,8783953,395278,5862386,0.0674,0.065,0.037
2020,1,29,3,8359075,376158,5077875,0.0741,0.079,-0.0625
2020,1,38,3,1605193,72234,617880,0.1169,0.1138,0.0271
2020,1,41,3,6066399,272988,3547474,0.077,0.0805,-0.0446
2020,1,48,3,55169587,2482631,23257363,0.1067,0.1009,0.0582
2020,1,51,3,10969587,493631,7094962,0.0696,0.0669,0.0405
2020,2,2,1,124792,51290,589481,0.087,0.0829,0.049
2020,2,5,1,299452,123075,2476087,0.0497,0.0453,0.0968
2020,2,8,1,1017700,418275,4789291,0.0873,0.0834,0.0471
2020,2,9,1,620677,255098,3019188,0.0845,0.0805,0.0496
2020,2,12,1,3725341,1531115,18207522,0.0841,0.0783,0.0735
2020,2,17,1,1592047,654331,10512479,0.0622,0.0574,0.0837
2020,2,20,1,330511,135840,2371396,0.0573,0.0586,-0.0221
2020,2,21,1,482955,198494,3691561,0.0538,0.045,0.1949
2020,2,22,1,824304,338789,3799736,0.0892,0.0733,0.2163
2020,2,25,1,923379,379509,5862386,0.0647,0.0587,0.103
2020,2,29,1,1029767,423234,5077875,0.0833,0.0752,0.1087
2020,2,38,1,146957,60399,617880,0.0978,0.0968,0.0101
2020,2,48,1,3321070,1364960,23257363,0.0587,0.0561,0.0456
2020,2,51,1,966554,397254,7094962,0.056,0.0496,0.1281
2020,2,55,1,1082700,444990,4851640,0.0917,0.073,0.2561
2020,2,2,2,183387,23657,589481,0.0401,0.0366,0.0974
2020,2,5,2,351567,45352,2476087,0.0183,0.0199,-0.0776
2020,2,8,2,1438400,185554,4789291,0.0387,0.0409,-0.0523
2020,2,9,2,914697,117996,3019188,0.0391,0.0439,-0.109
2020,2,12,2,6965256,898518,18207522,0.0493,0.0453,0.089
2020,2,17,2,2652625,342189,10512479,0.0326,0.0328,-0.008
2020,2,21,2,382166,49299,3691561,0.0134,0.0129,0.0322
2020,2,22,2,838758,108200,3799736,0.0285,0.0251,0.134
2020,2,25,2,1849625,238602,5862386,0.0407,0.0427,-0.0463
2020,2,29,2,1049834,135429,5077875,0.0267,0.0296,-0.099
2020,2,38,2,96965,12508,617880,0.0202,0.0223,-0.0911
2020,2,41,2,1244876,160589,3547474,0.0453,0.042,0.0772
2020,2,48,2,4602558,593730,23257363,0.0255,0.0271,-0.0589
2020,2,51,2,2001842,258238,7094962,0.0364,0.0357,0.0196
2020,2,55,2,1016296,131102,4851640,0.027,0.0293,-0.0767
2020,2,2,3,807103,36320,589481,0.0616,0.062,-0.0065
2020,2,5,3,3432513,154463,2476087,0.0624,0.0624,-0.0007
2020,2,8,3,7843100,352940,4789291,0.0737,0.0747,-0.014
2020,2,9,3,3293585,148211,3019188,0.0491,0.0512,-0.0403
2020,2,12,3,31051945,1397338,18207522,0.0767,0.0798,-0.0382
2020,2,17,3,14512769,653075,10512479,0.0621,0.0696,-0.1078
2020,2,20,3,4590295,206563,2371396,0.0871,0.0751,0.1603
2020,2,21,3,5637796,253701,3691561,0.0687,0.0463,0.4853
2020,2,25,3,8001865,360084,5862386,0.0614,0.0596,0.0298
2020,2,29,3,8692307,391154,5077875,0.077,0.0646,0.1926
2020,2,38,3,1402642,63119,617880,0.1022,0.0991,0.0311
2020,2,41,3,6842158,307897,3547474,0.0868,0.0865,0.0036
2020,2,48,3,44981154,2024152,23257363,0.087,0.0813,0.0706
2020,2,51,3,9423540,424059,7094962,0.0598,0.0633,-0.0555
2020,3,2,1,178287,73276,589481,0.1243,0.101,0.2311
2020,3,5,1,317338,130426,2476087,0.0527,0.0525,0.0034
2020,3,8,1,1370100,563111,4789291,0.1176,0.1006,0.1684
2020,3,9,1,630619,259184,3019188,0.0858,0.0782,0.0983
2020,3,12,1,5222317,2146372,18207522,0.1179,0.0993,0.1871
2020,3,17,1,1837357,755154,10512479,0.0718,0.0683,0.0517
2020,3,20,1,420056,172643,2371396,0.0728,0.059,0.2347
2020,3,21,1,563527,231610,3691561,0.0627,0.0636,-0.0134
2020,3,22,1,801257,329317,3799736,0.0867,0.0786,0.1028
2020,3,25,1,1232300,506475,5862386,0.0864,0.0818,0.0562
2020,3,29,1,1291767,530916,5077875,0.1046,0.0864,0.2095
2020,3,38,1,202883,83385,617880,0.135,0.1028,0.3128
2020,3,48,1,3134252,1288178,23257363,0.0554,0.0501,0.1061
2020,3,51,1,1208176,496560,7094962,0.07,0.0573,0.2206
2020,3,55,1,969848,398608,4851640,0.0822,0.0959,-0.1433
2020,3,2,2,202228,26087,589481,0.0443,0.0409,0.0808
2020,3,5,2,337796,43576,2476087,0.0176,0.0163,0.0821
2020,3,8,2,1725800,222628,4789291,0.0465,0.0405,0.1481
2020,3,9,2,1262908,162915,3019188,0.054,0.051,0.0572
2020,3,12,2,7278198,938888,18207522,0.0516,0.0486,0.0619
2020,3,17,2,3167325,408585,10512479,0.0389,0.0351,0.1087
2020,3,21,2,517008,66694,3691561,0.0181,0.0143,0.263
2020,3,22,2,881068,113658,3799736,0.0299,0.0264,0.1341
2020,3,25,2,2343322,302288,5862386,0.0516,0.0515,0.0011
2020,3,29,2,1241485,160152,5077875,0.0315,0.0322,-0.0209
2020,3,38,2,135485,17478,617880,0.0283,0.0261,0.0839
2020,3,41,2,952934,122928,3547474,0.0347,0.0378,-0.0835
2020,3,48,2,4673983,602944,23257363,0.0259,0.0262,-0.0089
2020,3,51,2,2490500,321274,7094962,0.0453,0.0389,0.1629
2020,3,55,2,969969,125126,4851640,0.0258,0.0263,-0.0208
2020,3,2,3,1067000,48015,589481,0.0815,0.0797,0.0225
2020,3,5,3,3235304,145589,2476087,0.0588,0.0666,-0.1175
2020,3,8,3,10305200,463734,4789291,0.0968,0.0894,0.0832
2020,3,9,3,4057008,182565,3019188,0.0605,0.0609,-0.0072
2020,3,12,3,38961260,1753257,18207522,0.0963,0.0991,-0.0287
2020,3,17,3,19059958,857698,10512479,0.0816,0.0851,-0.0408
2020,3,20,3,3839498,172777,2371396,0.0729,0.0657,0.1084
2020,3,21,3,5823982,262079,3691561,0.071,0.0724,-0.019
2020,3,25,3,8522469,383511,5862386,0.0654,0.0743,-0.1195
2020,3,29,3,10148309,456674,5077875,0.0899,0.1089,-0.1743
2020,3,38,3,1609332,72420,617880,0.1172,0.1184,-0.0101
2020,3,41,3,4668238,210071,3547474,0.0592,0.0828,-0.2845
2020,3,48,3,36355383,1635992,23257363,0.0703,0.0818,-0.1397
2020,3,51,3,12153709,546917,7094962,0.0771,0.0745,0.0346
2020,4,2,1,137414,56477,589481,0.0958,0.0919,0.0424
2020,4,5,1,355568,146139,2476087,0.059,0.0593,-0.0045
2020,4,8,1,1187000,487857,4789291,0.1019,0.0874,0.1652
2020,4,9,1,538158,221183,3019188,0.0733,0.0784,-0.066
2020,4,12,1,3498849,1438027,18207522,0.079,0.0792,-0.0034
2020,4,17,1,1614067,663382,10512479,0.0631,0.0627,0.0069
2020,4,20,1,436642,179460,2371396,0.0757,0.0656,0.1533
2020,4,21,1,766428,315002,3691561,0.0853,0.0721,0.184
2020,4,22,1,778979,320160,3799736,0.0843,0.0825,0.0208
2020,4,25,1,1288456,529555,5862386,0.0903,0.0755,0.1959
2020,4,29,1,1204389,495004,5077875,0.0975,0.088,0.1074
2020,4,38,1,158589,65180,617880,0.1055,0.0995,0.0601
2020,4,48,1,3696936,1519441,23257363,0.0653,0.0577,0.1316
2020,4,51,1,1041156,427915,7094962,0.0603,0.0535,0.1277
2020,4,55,1,1299509,534098,4851640,0.1101,0.0905,0.216
2020,4,2,2,173410,22370,589481,0.0379,0.038,-0.0007
2020,4,5,2,419116,54066,2476087,0.0218,0.0204,0.0719
2020,4,8,2,1435400,185167,4789291,0.0387,0.038,0.018
2020,4,9,2,997187,128637,3019188,0.0426,0.0457,-0.0685
2020,4,12,2,5854050,755172,18207522,0.0415,0.0436,-0.0492
2020,4,17,2,3051175,393602,10512479,0.0374,0.0345,0.0854
2020,4,21,2,586330,75637,3691561,0.0205,0.0172,0.1942
2020,4,22,2,788818,101758,3799736,0.0268,0.0271,-0.0115
2020,4,25,2,2399196,309496,5862386,0.0528,0.0489,0.0799
2020,4,29,2,1280565,165193,5077875,0.0325,0.0286,0.1376
2020,4,38,2,133607,17235,617880,0.0279,0.0352,-0.2084
2020,4,41,2,1407574,181577,3547474,0.0512,0.0565,-0.0939
2020,4,48,2,5769815,744306,23257363,0.032,0.0277,0.1541
2020,4,51,2,2373129,306134,7094962,0.0431,0.0393,0.0991
2020,4,55,2,1375711,177467,4851640,0.0366,0.0331,0.1062
2020,4,2,3,1029292,46318,589481,0.0786,0.0828,-0.0509
2020,4,5,3,4164013,187381,2476087,0.0757,0.0749,0.0102
2020,4,8,3,9134800,411066,4789291,0.0858,0.0908,-0.0551
2020,4,9,3,3653464,164406,3019188,0.0545,0.0633,-0.1398
2020,4,12,3,31766390,1429488,18207522,0.0785,0.0889,-0.1172
2020,4,17,3,18216473,819741,10512479,0.078,0.0845,-0.0777
2020,4,20,3,4083550,183760,2371396,0.0775,0.0901,-0.1397
2020,4,21,3,6190006,278550,3691561,0.0755,0.0809,-0.0672
2020,4,25,3,9339014,420256,5862386,0.0717,0.0791,-0.0942
2020,4,29,3,10295949,463318,5077875,0.0912,0.0955,-0.0447
2020,4,38,3,1663237,74846,617880,0.1211,0.1363,-0.1113
2020,4,41,3,7050587,317276,3547474,0.0894,0.0984,-0.0912
2020,4,48,3,57955922,2608016,23257363,0.1121,0.1056,0.0617
2020,4,51,3,12256665,551550,7094962,0.0777,0.0775,0.0033
2020,5,2,1,162836,66926,589481,0.1135,0.1195,-0.0501
2020,5,5,1,389313,160008,2476087,0.0646,0.0531,0.2177
2020,5,8,1,1267600,520984,4789291,0.1088,0.0918,0.1851
2020,5,12,1,3759949,1545339,18207522,0.0849,0.094,-0.0974
2020,5,17,1,1873356,769949,10512479,0.0732,0.0802,-0.0871
2020,5,20,1,354336,145632,2371396,0.0614,0.0672,-0.0862
2020,5,21,1,726668,298661,3691561,0.0809,0.0706,0.1466
2020,5,22,1,860348,353603,3799736,0.0931,0.0914,0.0184
2020,5,25,1,1313240,539742,5862386,0.0921,0.092,0.0003
2020,5,29,1,1217312,500315,5077875,0.0985,0.0943,0.0453
2020,5,38,1,171132,70335,617880,0.1138,0.1174,-0.0307
2020,5,48,1,3906776,1605685,23257363,0.069,0.06,0.1511
2020,5,51,1,1193072,490353,7094962,0.0691,0.0594,0.1632
2020,5,55,1,1199306,492915,4851640,0.1016,0.1044,-0.0269
2020,5,2,2,192257,24801,589481,0.0421,0.0495,-0.1506
2020,5,5,2,460357,59386,2476087,0.024,0.0196,0.2212
2020,5,8,2,1441100,185902,4789291,0.0388,0.0391,-0.0077
2020,5,12,2,5465524,705053,18207522,0.0387,0.0425,-0.0898
2020,5,17,2,3015029,388939,10512479,0.037,0.0404,-0.085
2020,5,21,2,594242,76657,3691561,0.0208,0.0185,0.1204
2020,5,22,2,854269,110201,3799736,0.029,0.029,-0.0005
2020,5,25,2,2316822,298870,5862386,0.051,0.057,-0.1055
2020,5,29,2,1118837,144330,5077875,0.0284,0.034,-0.1635
2020,5,38,2,114532,14775,617880,0.0239,0.0249,-0.0398
2020,5,41,2,1280473,165181,3547474,0.0466,0.0434,0.0734
2020,5,48,2,5343889,689362,23257363,0.0296,0.0263,0.1284
2020,5,51,2,2516758,324662,7094962,0.0458,0.0434,0.0543
2020,5,55,2,1023082,131978,4851640,0.0272,0.0291,-0.0654
2020,5,2,3,1325679,59656,589481,0.1012,0.1119,-0.0958
2020,5,5,3,4560783,205235,2476087,0.0829,0.0758,0.0941
2020,5,8,3,11226400,505188,4789291,0.1055,0.106,-0.005
2020,5,12,3,37372548,1681765,18207522,0.0924,0.0973,-0.0509
2020,5,17,3,22023830,991072,10512479,0.0943,0.1096,-0.1395
2020,5,20,3,4789450,215525,2371396,0.0909,0.0833,0.0911
2020,5,21,3,6523404,293553,3691561,0.0795,0.077,0.0322
2020,5,25,3,8093156,364192,5862386,0.0621,0.0935,-0.3358
2020,5,29,3,10412428,468559,5077875,0.0923,0.1048,-0.1193
2020,5,38,3,1668102,75065,617880,0.1215,0.1492,-0.1855
2020,5,41,3,8139362,366271,3547474,0.1032,0.1037,-0.0047
2020,5,48,3,52663183,2369843,23257363,0.1019,0.0999,0.0197
2020,5,51,3,13468290,606073,7094962,0.0854,0.0945,-0.0961
2020,6,2,1,164974,67804,589481,0.115,0.1228,-0.0631
2020,6,5,1,403284,165750,2476087,0.0669,0.0608,0.1015
2020,6,12,1,4817947,1980176,18207522,0.1088,0.1043,0.0425
2020,6,17,1,2138480,878915,10512479,0.0836,0.0911,-0.082
2020,6,20,1,421672,173307,2371396,0.0731,0.0716,0.0211
2020,6,21,1,743544,305597,3691561,0.0828,0.0736,0.1245
2020,6,22,1,853285,350700,3799736,0.0923,0.0887,0.0402
2020,6,25,1,2041665,839124,5862386,0.1431,0.1288,0.1114
2020,6,29,1,1511011,621026,5077875,0.1223,0.0962,0.2709
2020,6,38,1,233857,96115,617880,0.1556,0.1332,0.168
2020,6,48,1,4026484,1654885,23257363,0.0712,0.063,0.1286
2020,6,51,1,1122002,461143,7094962,0.065,0.058,0.1201
2020,6,55,1,1246502,512313,4851640,0.1056,0.1198,-0.1185
2020,6,2,2,216480,27926,589481,0.0474,0.0532,-0.11
2020,6,5,2,406776,52474,2476087,0.0212,0.0197,0.0746
2020,6,12,2,5946248,767066,18207522,0.0421,0.0389,0.0823
2020,6,17,2,3325383,428974,10512479,0.0408,0.0414,-0.0133
2020,6,21,2,579422,74745,3691561,0.0202,0.0193,0.0508
2020,6,22,2,833160,107478,3799736,0.0283,0.0267,0.0586
2020,6,25,2,2962165,382119,5862386,0.0652,0.0697,-0.0644
2020,6,29,2,1327277,171219,5077875,0.0337,0.0327,0.0327
2020,6,38,2,143106,18461,617880,0.0299,0.0251,0.1911
2020,6,41,2,1201871,155041,3547474,0.0437,0.0407,0.0744
2020,6,48,2,5518415,711876,23257363,0.0306,0.0289,0.0598
2020,6,51,2,2475614,319354,7094962,0.045,0.0401,0.1213
2020,6,55,2,1309909,168978,4851640,0.0348,0.035,-0.0043
2020,6,2,3,1374767,61865,589481,0.1049,0.1183,-0.1131
2020,6,5,3,4295133,193281,2476087,0.0781,0.0861,-0.093
2020,6,12,3,38453648,1730414,18207522,0.095,0.0899,0.0574
2020,6,17,3,25465636,1145954,10512479,0.109,0.1094,-0.0037
2020,6,20,3,5635898,253615,2371396,0.1069,0.094,0.1383
2020,6,21,3,6041900,271886,3691561,0.0737,0.0781,-0.0573
2020,6,25,3,10335283,465088,5862386,0.0793,0.0913,-0.1312
2020,6,29,3,11099851,499493,5077875,0.0984,0.1056,-0.0682
2020,6,38,3,2091390,94113,617880,0.1523,0.1664,-0.0844
2020,6,41,3,7969948,358648,3547474,0.1011,0.1135,-0.1092
2020,6,48,3,62290399,2803068,23257363,0.1205,0.1216,-0.0085
